[
  {
    "model": "member.teammanagers",
    "pk": 1,
    "fields": {
      "full_name": "Iain Macdonald",
      "club": "Woodkirk Valley FC",
      "team": "U9 Boys"
    }
  },
  {
    "model": "member.teammanagers",
    "pk": 2,
    "fields": {
      "full_name": "Phil Ellerby",
      "club": "Woodkirk Valley FC",
      "team": "U7 Boys"
    }
  },
  {
    "model": "member.badges",
    "pk": 1,
    "fields": {
      "name": "First Touch",
      "label": "Bronze",
      "category": "TECHNICAL",
      "levels": "B",
      "pageUrl": "/member/skillsmatrix/technical/firsttouch/",
      "iconUrl": "/images/badges/bronze/firsttouch-bronze.png",
      "description": "First Touch Bronze"
    }
  },
  {
    "model": "member.badges",
    "pk": 2,
    "fields": {
      "name": "First Touch",
      "label": "Silver",
      "category": "TECHNICAL",
      "levels": "S",
      "pageUrl": "/member/skillsmatrix/technical/firsttouch/",
      "iconUrl": "/images/badges/silver/firsttouch-silver.png",
      "description": "First Touch Silver"
    }
  },
  {
    "model": "member.badges",
    "pk": 3,
    "fields": {
      "name": "First Touch",
      "label": "Gold",
      "category": "TECHNICAL",
      "levels": "G",
      "pageUrl": "/member/skillsmatrix/technical/firsttouch/",
      "iconUrl": "/images/badges/gold/firsttouch-gold.png",
      "description": "First Touch Gold"
    }
  },
  {
    "model": "member.badges",
    "pk": 4,
    "fields": {
      "name": "Goalkeeper",
      "label": "Bronze",
      "category": "TECHNICAL",
      "levels": "B",
      "pageUrl": "/member/skillsmatrix/technical/goalkeeper/",
      "iconUrl": "/images/badges/bronze/goalkeeping-bronze.png",
      "description": "Goalkeeping Bronze"
    }
  },
  {
    "model": "member.badges",
    "pk": 5,
    "fields": {
      "name": "Goalkeeper",
      "label": "Silver",
      "category": "TECHNICAL",
      "levels": "S",
      "pageUrl": "/member/skillsmatrix/technical/goalkeeper/",
      "iconUrl": "/images/badges/silver/goalkeeping-silver.png",
      "description": "Goalkeeping Silver"
    }
  },
  {
    "model": "member.badges",
    "pk": 6,
    "fields": {
      "name": "Goalkeeper",
      "label": "Gold",
      "category": "TECHNICAL",
      "levels": "G",
      "pageUrl": "/member/skillsmatrix/technical/goalkeeper/",
      "iconUrl": "/images/badges/gold/goalkeeping-gold.png",
      "description": "Goalkeeping Gold"
    }
  },
  {
    "model": "member.badges",
    "pk": 7,
    "fields": {
      "name": "Passing",
      "label": "Bronze",
      "category": "TECHNICAL",
      "levels": "B",
      "pageUrl": "/member/skillsmatrix/technical/passing/",
      "iconUrl": "/images/badges/bronze/passing-bronze.png",
      "description": "Passing Bronze"
    }
  },
  {
    "model": "member.badges",
    "pk": 8,
    "fields": {
      "name": "Passing",
      "label": "Silver",
      "category": "TECHNICAL",
      "levels": "S",
      "pageUrl": "/member/skillsmatrix/technical/passing/",
      "iconUrl": "/images/badges/silver/passing-silver.png",
      "description": "Passing Silver"
    }
  },
  {
    "model": "member.badges",
    "pk": 9,
    "fields": {
      "name": "Passing",
      "label": "Gold",
      "category": "TECHNICAL",
      "levels": "G",
      "pageUrl": "/member/skillsmatrix/technical/passing/",
      "iconUrl": "/images/badges/gold/passing-gold.png",
      "description": "Passing Gold"
    }
  },
  {
    "model": "member.badges",
    "pk": 10,
    "fields": {
      "name": "Goalscorer",
      "label": "Player",
      "category": "TECHNICAL",
      "levels": "M",
      "pageUrl": "/member/skillsmatrix/challengebadges/",
      "iconUrl": "/images/badges/merits/player/player-goalscorer-merit.png",
      "description": "Goalscorer"
    }
  },
  {
    "model": "member.badges",
    "pk": 14,
    "fields": {
      "name": "Toe Taps Inside Foot",
      "label": "ToeTaps",
      "category": "PSYCHOLOGICAL",
      "levels": "M",
      "pageUrl": "/member/skillsmatrix/psychological/toetaps/",
      "iconUrl": "/images/badges/merits/toetaps/toetaps-inside-merit.png",
      "description": "Toe Taps Inside Foot"
    }
  },
  {
    "model": "member.badges",
    "pk": 17,
    "fields": {
      "name": "Cryuff Turns",
      "label": "Turns",
      "category": "PSYCHOLOGICAL",
      "levels": "M",
      "pageUrl": "/member/skillsmatrix/challengebadges/",
      "iconUrl": "/images/badges/merits/turns/turns-cryuff-merit.png",
      "description": "Cryuff Turn"
    }
  },
  {
    "model": "member.badges",
    "pk": 18,
    "fields": {
      "name": "Dragback Turns",
      "label": "Turns",
      "category": "PSYCHOLOGICAL",
      "levels": "M",
      "pageUrl": "/member/skillsmatrix/challengebadges/",
      "iconUrl": "/images/badges/merits/turns/turns-dragback-merit.png",
      "description": "Dragback Turns"
    }
  },
  {
    "model": "member.badges",
    "pk": 19,
    "fields": {
      "name": "Hook Turns",
      "label": "Turns",
      "category": "PSYCHOLOGICAL",
      "levels": "M",
      "pageUrl": "/member/skillsmatrix/challengebadges/",
      "iconUrl": "/images/badges/merits/turns/turns-hooks-merit.png",
      "description": "Hook Turns"
    }
  },
  {
    "model": "member.badges",
    "pk": 20,
    "fields": {
      "name": "Ronaldo-chop Turns",
      "label": "Turns",
      "category": "PSYCHOLOGICAL",
      "levels": "M",
      "pageUrl": "/member/skillsmatrix/challengebadges/",
      "iconUrl": "/images/badges/merits/turns/turns-ronaldo-chop-merit.png",
      "description": "Ronaldo Chop Turn"
    }
  },
  {
    "model": "member.badges",
    "pk": 21,
    "fields": {
      "name": "Stepover Turns",
      "label": "Turns",
      "category": "PSYCHOLOGICAL",
      "levels": "M",
      "pageUrl": "/member/skillsmatrix/challengebadges/",
      "iconUrl": "/images/badges/merits/turns/turns-stepover-merit.png",
      "description": "Stepover Turn"
    }
  },
  {
    "model": "member.badges",
    "pk": 22,
    "fields": {
      "name": "Zidane Turns",
      "label": "Turns",
      "category": "PSYCHOLOGICAL",
      "levels": "M",
      "pageUrl": "/member/skillsmatrix/challengebadges/",
      "iconUrl": "/images/badges/merits/turns/turns-zidane-merit.png",
      "description": "Zidane Turns"
    }
  },
  {
    "model": "member.badges",
    "pk": 23,
    "fields": {
      "name": "Dribbling",
      "label": "Bronze",
      "category": "PHYSICAL",
      "levels": "B",
      "pageUrl": "/member/skillsmatrix/physical/dribbling/",
      "iconUrl": "/images/badges/bronze/dribbling-bronze.png",
      "description": "Dribbling Bronze"
    }
  },
  {
    "model": "member.badges",
    "pk": 24,
    "fields": {
      "name": "Dribbling",
      "label": "Silver",
      "category": "PHYSICAL",
      "levels": "S",
      "pageUrl": "/member/skillsmatrix/physical/dribbling/",
      "iconUrl": "/images/badges/silver/dribbling-silver.png",
      "description": "Dribbling Silver"
    }
  },
  {
    "model": "member.badges",
    "pk": 25,
    "fields": {
      "name": "Dribbling",
      "label": "Gold",
      "category": "PHYSICAL",
      "levels": "G",
      "pageUrl": "/member/skillsmatrix/physical/dribbling/",
      "iconUrl": "/images/badges/gold/dribbling-gold.png",
      "description": "Dribbling Gold"
    }
  },
  {
    "model": "member.badges",
    "pk": 26,
    "fields": {
      "name": "Heading",
      "label": "Bronze",
      "category": "PHYSICAL",
      "levels": "B",
      "pageUrl": "/member/skillsmatrix/physical/heading/",
      "iconUrl": "/images/badges/bronze/heading-bronze.png",
      "description": "Heading Bronze"
    }
  },
  {
    "model": "member.badges",
    "pk": 27,
    "fields": {
      "name": "Heading",
      "label": "Silver",
      "category": "PHYSICAL",
      "levels": "S",
      "pageUrl": "/member/skillsmatrix/physical/heading/",
      "iconUrl": "/images/badges/silver/heading-silver.png",
      "description": "Heading Silver"
    }
  },
  {
    "model": "member.badges",
    "pk": 28,
    "fields": {
      "name": "Heading",
      "label": "Gold",
      "category": "PHYSICAL",
      "levels": "G",
      "pageUrl": "/member/skillsmatrix/physical/heading/",
      "iconUrl": "/images/badges/gold/heading-gold.png",
      "description": "Heading Gold"
    }
  },
  {
    "model": "member.badges",
    "pk": 29,
    "fields": {
      "name": "Attacking",
      "label": "Bronze",
      "category": "SOCIAL",
      "levels": "B",
      "pageUrl": "/member/skillsmatrix/social/attacking/",
      "iconUrl": "/images/badges/bronze/attacking-bronze.png",
      "description": "Attacking Bronze"
    }
  },
  {
    "model": "member.badges",
    "pk": 30,
    "fields": {
      "name": "Attacking",
      "label": "Silver",
      "category": "SOCIAL",
      "levels": "S",
      "pageUrl": "/member/skillsmatrix/social/attacking/",
      "iconUrl": "/images/badges/silver/attacking-silver.png",
      "description": "Attacking Silver"
    }
  },
  {
    "model": "member.badges",
    "pk": 31,
    "fields": {
      "name": "Attacking",
      "label": "Gold",
      "category": "SOCIAL",
      "levels": "G",
      "pageUrl": "/member/skillsmatrix/social/attacking/",
      "iconUrl": "/images/badges/gold/attacking-gold.png",
      "description": "Attacking Gold"
    }
  },
  {
    "model": "member.badges",
    "pk": 32,
    "fields": {
      "name": "Defending",
      "label": "Bronze",
      "category": "SOCIAL",
      "levels": "B",
      "pageUrl": "/member/skillsmatrix/social/defending/",
      "iconUrl": "/images/badges/bronze/defending-bronze.png",
      "description": "Defending Bronze"
    }
  },
  {
    "model": "member.badges",
    "pk": 33,
    "fields": {
      "name": "Defending",
      "label": "Silver",
      "category": "SOCIAL",
      "levels": "S",
      "pageUrl": "/member/skillsmatrix/social/defending/",
      "iconUrl": "/images/badges/silver/defending-silver.png",
      "description": "Defending Silver"
    }
  },
  {
    "model": "member.badges",
    "pk": 34,
    "fields": {
      "name": "Defending",
      "label": "Gold",
      "category": "SOCIAL",
      "levels": "G",
      "pageUrl": "/member/skillsmatrix/social/defending/",
      "iconUrl": "/images/badges/gold/defending-gold.png",
      "description": "Defending Gold"
    }
  },
  {
    "model": "member.badges",
    "pk": 35,
    "fields": {
      "name": "Leadership",
      "label": "Player",
      "category": "SOCIAL",
      "levels": "M",
      "pageUrl": "/member/skillsmatrix/challengebadges/",
      "iconUrl": "/images/badges/merits/player/player-leadership-merit.png",
      "description": "Leadership"
    }
  },
  {
    "model": "member.badges",
    "pk": 36,
    "fields": {
      "name": "Teamwork",
      "label": "Player",
      "category": "SOCIAL",
      "levels": "M",
      "pageUrl": "/member/skillsmatrix/challengebadges/",
      "iconUrl": "/images/badges/merits/player/player-teamwork-merit.png",
      "description": "Teamwork"
    }
  },
  {
    "model": "member.badges",
    "pk": 37,
    "fields": {
      "name": "Position Goalkeeper",
      "label": "Position",
      "category": "TECHNICAL",
      "levels": "M",
      "pageUrl": "/member/skillsmatrix/challengebadges/",
      "iconUrl": "/images/badges/merits/positions/positions-goalkeeper.png",
      "description": "Positions GK"
    }
  },
  {
    "model": "member.badges",
    "pk": 38,
    "fields": {
      "name": "Position Left Defence",
      "label": "Positions",
      "category": "TECHNICAL",
      "levels": "M",
      "pageUrl": "/member/skillsmatrix/challengebadges/",
      "iconUrl": "/images/badges/merits/positions/positions-left-def.png",
      "description": "Position Left Defence"
    }
  },
  {
    "model": "member.badges",
    "pk": 39,
    "fields": {
      "name": "Position Right Defence",
      "label": "Positions",
      "category": "TECHNICAL",
      "levels": "M",
      "pageUrl": "/member/skillsmatrix/challengebadges/",
      "iconUrl": "/images/badges/merits/positions/positions-right-def.png",
      "description": "Position Right Defence"
    }
  },
  {
    "model": "member.badges",
    "pk": 40,
    "fields": {
      "name": "Position Left Midfield",
      "label": "Positions",
      "category": "TECHNICAL",
      "levels": "M",
      "pageUrl": "/member/skillsmatrix/challengebadges/",
      "iconUrl": "/images/badges/merits/positions/positions-left-mid.png",
      "description": "Position Left Midfield"
    }
  },
  {
    "model": "member.badges",
    "pk": 41,
    "fields": {
      "name": "Position Central Midfield",
      "label": "Positions",
      "category": "TECHNICAL",
      "levels": "M",
      "pageUrl": "/member/skillsmatrix/challengebadges/",
      "iconUrl": "/images/badges/merits/positions/positions-central-mid.png",
      "description": "Position Central Midfield"
    }
  },
  {
    "model": "member.badges",
    "pk": 42,
    "fields": {
      "name": "Position Right Midfield",
      "label": "Positions",
      "category": "TECHNICAL",
      "levels": "M",
      "pageUrl": "/member/skillsmatrix/challengebadges/",
      "iconUrl": "/images/badges/merits/positions/positions-right-mid.png",
      "description": "Position Right Midfield"
    }
  },
  {
    "model": "member.badges",
    "pk": 43,
    "fields": {
      "name": "Position Striker",
      "label": "Position",
      "category": "TECHNICAL",
      "levels": "M",
      "pageUrl": "/member/skillsmatrix/challengebadges/",
      "iconUrl": "/images/badges/merits/positions/positions-striker.png",
      "description": "Position Striker"
    }
  },
  {
    "model": "member.badges",
    "pk": 44,
    "fields": {
      "name": "Toe Taps Soles",
      "label": "ToeTaps",
      "category": "PSYCHOLOGICAL",
      "levels": "M",
      "pageUrl": "/member/skillsmatrix/psychological/toetaps/",
      "iconUrl": "/images/badges/merits/toetaps/toetaps-soles-merit.png",
      "description": "Toe Taps Soles"
    }
  },
  {
    "model": "member.badges",
    "pk": 45,
    "fields": {
      "name": "Toe Taps Side Drags",
      "label": "ToeTaps",
      "category": "PSYCHOLOGICAL",
      "levels": "M",
      "pageUrl": "/member/skillsmatrix/psychological/toetaps/",
      "iconUrl": "/images/badges/merits/toetaps/toetaps-side-drag-merit.png",
      "description": "Toe Taps Side Drags"
    }
  },
  {
    "model": "member.badges",
    "pk": 46,
    "fields": {
      "name": "Toe Taps Push Pull",
      "label": "ToeTaps",
      "category": "PSYCHOLOGICAL",
      "levels": "M",
      "pageUrl": "/member/skillsmatrix/psychological/toetaps/",
      "iconUrl": "/images/badges/merits/toetaps/toetaps-push-pull-merit.png",
      "description": "Toe Taps Push Pull"
    }
  },
  {
    "model": "member.badges",
    "pk": 47,
    "fields": {
      "name": "Toe Taps Stepovers",
      "label": "ToeTaps",
      "category": "PSYCHOLOGICAL",
      "levels": "M",
      "pageUrl": "/member/skillsmatrix/psychological/toetaps/",
      "iconUrl": "/images/badges/merits/toetaps/toetaps-stepovers-merit.png",
      "description": "Toe Taps Stepovers"
    }
  },
  {
    "model": "member.badges",
    "pk": 48,
    "fields": {
      "name": "Player of the Match",
      "label": "Player",
      "category": "PSYCHOLOGICAL",
      "levels": "M",
      "pageUrl": "/member/skillsmatrix/challengebadges/",
      "iconUrl": "/images/badges/merits/player/player-potm-merit.png",
      "description": "Player of the Match"
    }
  },
  {
    "model": "member.badges",
    "pk": 49,
    "fields": {
      "name": "Kickups Left Foot",
      "label": "Kickups",
      "category": "TECHNICAL",
      "levels": "M",
      "pageUrl": "/member/skillsmatrix/challengebadges/",
      "iconUrl": "/images/badges/merits/kickups/kickups-left-merit.png",
      "description": "Kickups Left Foot"
    }
  },
  {
    "model": "member.badges",
    "pk": 50,
    "fields": {
      "name": "Kickups Right Foot",
      "label": "Kickups",
      "category": "TECHNICAL",
      "levels": "M",
      "pageUrl": "/member/skillsmatrix/challengebadges/",
      "iconUrl": "/images/badges/merits/kickups/kickups-right-merit.png",
      "description": "Kickups Right Foot"
    }
  },
  {
    "model": "member.badges",
    "pk": 51,
    "fields": {
      "name": "Kickups Both Feet",
      "label": "Kickups",
      "category": "TECHNICAL",
      "levels": "M",
      "pageUrl": "/member/skillsmatrix/challengebadges/",
      "iconUrl": "/images/badges/merits/kickups/kickups-both-merit.png",
      "description": "Kickups Both Feet"
    }
  },
  {
    "model": "member.badgeassesments",
    "pk": 1,
    "fields": {
      "badgeId": 10,
      "description": "Score a goal"
    }
  },
  {
    "model": "member.badgeassesments",
    "pk": 2,
    "fields": {
      "badgeId": 10,
      "description": "Score a goal with your weak foot"
    }
  },
  {
    "model": "member.badgeassesments",
    "pk": 3,
    "fields": {
      "badgeId": 10,
      "description": "Score a hattrick"
    }
  },
  {
    "model": "member.badgeassesments",
    "pk": 4,
    "fields": {
      "badgeId": 17,
      "description": "Complete the turn at walking pace"
    }
  },
  {
    "model": "member.badgeassesments",
    "pk": 5,
    "fields": {
      "badgeId": 17,
      "description": "Complete the turn running"
    }
  },
  {
    "model": "member.badgeassesments",
    "pk": 6,
    "fields": {
      "badgeId": 17,
      "description": "Complete the turn with both feet"
    }
  },
  {
    "model": "member.badgeassesments",
    "pk": 7,
    "fields": {
      "badgeId": 18,
      "description": "Complete the turn at walking pace"
    }
  },
  {
    "model": "member.badgeassesments",
    "pk": 8,
    "fields": {
      "badgeId": 18,
      "description": "Complete the turn running"
    }
  },
  {
    "model": "member.badgeassesments",
    "pk": 9,
    "fields": {
      "badgeId": 18,
      "description": "Complete the turn with both feet"
    }
  },
  {
    "model": "member.badgeassesments",
    "pk": 10,
    "fields": {
      "badgeId": 19,
      "description": "Complete the turn at walking pace"
    }
  },
  {
    "model": "member.badgeassesments",
    "pk": 11,
    "fields": {
      "badgeId": 19,
      "description": "Complete the turn running"
    }
  },
  {
    "model": "member.badgeassesments",
    "pk": 12,
    "fields": {
      "badgeId": 19,
      "description": "Complete the turn with both feet"
    }
  },
  {
    "model": "member.badgeassesments",
    "pk": 13,
    "fields": {
      "badgeId": 20,
      "description": "Complete the turn at walking pace"
    }
  },
  {
    "model": "member.badgeassesments",
    "pk": 14,
    "fields": {
      "badgeId": 20,
      "description": "Complete the turn running"
    }
  },
  {
    "model": "member.badgeassesments",
    "pk": 15,
    "fields": {
      "badgeId": 20,
      "description": "Complete the turn at walking pace"
    }
  },
  {
    "model": "member.badgeassesments",
    "pk": 16,
    "fields": {
      "badgeId": 21,
      "description": "Complete the turn at walking pace"
    }
  },
  {
    "model": "member.badgeassesments",
    "pk": 17,
    "fields": {
      "badgeId": 21,
      "description": "Complete the turn running"
    }
  },
  {
    "model": "member.badgeassesments",
    "pk": 18,
    "fields": {
      "badgeId": 21,
      "description": "Complete the turn with both feet"
    }
  },
  {
    "model": "member.badgeassesments",
    "pk": 19,
    "fields": {
      "badgeId": 22,
      "description": "Complete the turn at walking pace"
    }
  },
  {
    "model": "member.badgeassesments",
    "pk": 20,
    "fields": {
      "badgeId": 22,
      "description": "Complete the turn running"
    }
  },
  {
    "model": "member.badgeassesments",
    "pk": 21,
    "fields": {
      "badgeId": 22,
      "description": "Complete the turn with both feet"
    }
  },
  {
    "model": "member.badgeassesments",
    "pk": 22,
    "fields": {
      "badgeId": 36,
      "description": "Assist a goal"
    }
  },
  {
    "model": "member.badgeassesments",
    "pk": 23,
    "fields": {
      "badgeId": 36,
      "description": "Assist from a corner"
    }
  },
  {
    "model": "member.badgeassesments",
    "pk": 24,
    "fields": {
      "badgeId": 36,
      "description": "Assist with a 1-2"
    }
  },
  {
    "model": "member.badgeassesments",
    "pk": 25,
    "fields": {
      "badgeId": 35,
      "description": "Take a warm up"
    }
  },
  {
    "model": "member.badgeassesments",
    "pk": 26,
    "fields": {
      "badgeId": 35,
      "description": "Captain the Team (c)"
    }
  },
  {
    "model": "member.badgeassesments",
    "pk": 27,
    "fields": {
      "badgeId": 35,
      "description": "Show support and encourage your team"
    }
  },
  {
    "model": "member.badgeassesments",
    "pk": 28,
    "fields": {
      "badgeId": 35,
      "description": "Loud communication with team mates"
    }
  },
  {
    "model": "member.badgeassesments",
    "pk": 36,
    "fields": {
      "badgeId": 14,
      "description": "40 Toe Taps (L/R) under 60 seconds"
    }
  },
  {
    "model": "member.badgeassesments",
    "pk": 39,
    "fields": {
      "badgeId": 1,
      "description": "The ball must not leave the player box for control"
    }
  },
  {
    "model": "member.badgeassesments",
    "pk": 40,
    "fields": {
      "badgeId": 1,
      "description": "5 Passes off the floor"
    }
  },
  {
    "model": "member.badgeassesments",
    "pk": 41,
    "fields": {
      "badgeId": 1,
      "description": "5 passes thrown into the player"
    }
  },
  {
    "model": "member.badgeassesments",
    "pk": 42,
    "fields": {
      "badgeId": 1,
      "description": "The player must get a 60% completion rate"
    }
  },
  {
    "model": "member.badgeassesments",
    "pk": 43,
    "fields": {
      "badgeId": 2,
      "description": "The first touch should take the ball away from the post."
    }
  },
  {
    "model": "member.badgeassesments",
    "pk": 44,
    "fields": {
      "badgeId": 2,
      "description": "Players must rotate between the left and right feet."
    }
  },
  {
    "model": "member.badgeassesments",
    "pk": 45,
    "fields": {
      "badgeId": 2,
      "description": "The following touches are required TopTaps, Inside and Outside"
    }
  },
  {
    "model": "member.badgeassesments",
    "pk": 46,
    "fields": {
      "badgeId": 2,
      "description": "The weight of pass back to the player should be correct."
    }
  },
  {
    "model": "member.badgeassesments",
    "pk": 47,
    "fields": {
      "badgeId": 7,
      "description": "The weight of pass to the target is important"
    }
  },
  {
    "model": "member.badgeassesments",
    "pk": 48,
    "fields": {
      "badgeId": 7,
      "description": "The passes into the target goals should be alternative Left/Right"
    }
  },
  {
    "model": "member.badgeassesments",
    "pk": 49,
    "fields": {
      "badgeId": 4,
      "description": "The player should be able to collect 70% of shots"
    }
  },
  {
    "model": "member.badgeassesments",
    "pk": 50,
    "fields": {
      "badgeId": 4,
      "description": "The player should be able to demonstrate the W, Scoop and Cup"
    }
  },
  {
    "model": "member.badgeassesments",
    "pk": 51,
    "fields": {
      "badgeId": 4,
      "description": "The player can roll the ball out underarm to a player 10m away."
    }
  },
  {
    "model": "member.badgeassesments",
    "pk": 58,
    "fields": {
      "badgeId": 17,
      "description": "Complete the turn in a game"
    }
  },
  {
    "model": "member.badgeassesments",
    "pk": 59,
    "fields": {
      "badgeId": 18,
      "description": "Complete the turn in a game"
    }
  },
  {
    "model": "member.badgeassesments",
    "pk": 60,
    "fields": {
      "badgeId": 19,
      "description": "Complete the turn in a game"
    }
  },
  {
    "model": "member.badgeassesments",
    "pk": 61,
    "fields": {
      "badgeId": 20,
      "description": "Complete the turn in a game"
    }
  },
  {
    "model": "member.badgeassesments",
    "pk": 62,
    "fields": {
      "badgeId": 21,
      "description": "Complete the turn in a game"
    }
  },
  {
    "model": "member.badgeassesments",
    "pk": 63,
    "fields": {
      "badgeId": 22,
      "description": "Complete the turn in a game"
    }
  },
  {
    "model": "member.badgeassesments",
    "pk": 64,
    "fields": {
      "badgeId": 14,
      "description": "60 - L/R Side Taps under 60 seconds"
    }
  },
  {
    "model": "member.badgeassesments",
    "pk": 65,
    "fields": {
      "badgeId": 37,
      "description": "Play a full game in Goal"
    }
  },
  {
    "model": "member.badgeassesments",
    "pk": 66,
    "fields": {
      "badgeId": 37,
      "description": "Show good positioning - Sweeper keeper"
    }
  },
  {
    "model": "member.badgeassesments",
    "pk": 67,
    "fields": {
      "badgeId": 39,
      "description": "Play as Right Defender - Good 'right-sided' positioning and body shape"
    }
  },
  {
    "model": "member.badgeassesments",
    "pk": 68,
    "fields": {
      "badgeId": 39,
      "description": "Strong Block Tackling and Strength - Timing"
    }
  },
  {
    "model": "member.badgeassesments",
    "pk": 69,
    "fields": {
      "badgeId": 39,
      "description": "Understand when to Dribble and Pass"
    }
  },
  {
    "model": "member.badgeassesments",
    "pk": 70,
    "fields": {
      "badgeId": 38,
      "description": "Play as Left Defender - Good 'left-sided' positioning and body shape"
    }
  },
  {
    "model": "member.badgeassesments",
    "pk": 71,
    "fields": {
      "badgeId": 38,
      "description": "Strong Block Tackling and Strength - Timing"
    }
  },
  {
    "model": "member.badgeassesments",
    "pk": 72,
    "fields": {
      "badgeId": 38,
      "description": "Understand when to Dribble and Pass"
    }
  },
  {
    "model": "member.badgeassesments",
    "pk": 73,
    "fields": {
      "badgeId": 40,
      "description": "Play Left midfield - Stay wide - Good First Touch"
    }
  },
  {
    "model": "member.badgeassesments",
    "pk": 74,
    "fields": {
      "badgeId": 40,
      "description": "Get Left footed crosses into the box"
    }
  },
  {
    "model": "member.badgeassesments",
    "pk": 75,
    "fields": {
      "badgeId": 40,
      "description": "Support attack and Defence - Good Energy"
    }
  },
  {
    "model": "member.badgeassesments",
    "pk": 76,
    "fields": {
      "badgeId": 42,
      "description": "Play Right midfield - Stay wide - Good First Touch"
    }
  },
  {
    "model": "member.badgeassesments",
    "pk": 77,
    "fields": {
      "badgeId": 42,
      "description": "Get Right footed crosses into the box"
    }
  },
  {
    "model": "member.badgeassesments",
    "pk": 78,
    "fields": {
      "badgeId": 42,
      "description": "Support attack and Defence - Good Energy"
    }
  },
  {
    "model": "member.badgeassesments",
    "pk": 79,
    "fields": {
      "badgeId": 41,
      "description": "Support attack and Defence - Box to Box"
    }
  },
  {
    "model": "member.badgeassesments",
    "pk": 80,
    "fields": {
      "badgeId": 41,
      "description": "Receive ball and Switch Play - Left or right"
    }
  },
  {
    "model": "member.badgeassesments",
    "pk": 81,
    "fields": {
      "badgeId": 41,
      "description": "Strong tackling to Counter Attacking"
    }
  },
  {
    "model": "member.badgeassesments",
    "pk": 82,
    "fields": {
      "badgeId": 41,
      "description": "Good Range of Long and Short Passing"
    }
  },
  {
    "model": "member.badgeassesments",
    "pk": 83,
    "fields": {
      "badgeId": 43,
      "description": "Pressure defenders - Try to force an error"
    }
  },
  {
    "model": "member.badgeassesments",
    "pk": 84,
    "fields": {
      "badgeId": 43,
      "description": "Quick Feet - Get Shots off"
    }
  },
  {
    "model": "member.badgeassesments",
    "pk": 85,
    "fields": {
      "badgeId": 43,
      "description": "Hold up ball 'Back to Goal' and bring Midfielders into play"
    }
  },
  {
    "model": "member.badgemedia",
    "pk": 1,
    "fields": {
      "badgeId": 1,
      "pageUrl": "pdf/firsttouch-bronze-assessment.pdf",
      "description": "First Touch Bronze Assessment",
      "mediaType": "PDF"
    }
  },
  {
    "model": "member.badgemedia",
    "pk": 2,
    "fields": {
      "badgeId": 1,
      "pageUrl": "https://www.youtube.com/watch?v=T0zWQzxlyLk",
      "description": "First Touch I",
      "mediaType": "VIDEO"
    }
  },
  {
    "model": "member.badgemedia",
    "pk": 4,
    "fields": {
      "badgeId": 8,
      "pageUrl": "pdf/passing-silver-assessment.pdf",
      "description": "Passing Silver Assessment",
      "mediaType": "PDF"
    }
  },
  {
    "model": "member.badgemedia",
    "pk": 5,
    "fields": {
      "badgeId": 2,
      "pageUrl": "https://www.youtube.com/watch?v=2BCOBXOyO-o",
      "description": "First Touch II",
      "mediaType": "VIDEO"
    }
  },
  {
    "model": "member.badgemedia",
    "pk": 6,
    "fields": {
      "badgeId": 3,
      "pageUrl": "https://www.youtube.com/watch?v=DbFDh79UwNY",
      "description": "First Touch III ",
      "mediaType": "VIDEO"
    }
  },
  {
    "model": "member.badgemedia",
    "pk": 7,
    "fields": {
      "badgeId": 2,
      "pageUrl": "https://www.youtube.com/watch?v=vocSBiZjlRA",
      "description": "First Touch Silver Demo",
      "mediaType": "VIDEO"
    }
  },
  {
    "model": "member.badgemedia",
    "pk": 8,
    "fields": {
      "badgeId": 2,
      "pageUrl": "pdf/firsttouch-silver-assessment.pdf",
      "description": "First Touch Silver Assessment",
      "mediaType": "PDF"
    }
  },
  {
    "model": "member.badgemedia",
    "pk": 9,
    "fields": {
      "badgeId": 7,
      "pageUrl": "pdf/passing-bronze-assessment.pdf",
      "description": "Passing Bronze Assessment  ",
      "mediaType": "PDF"
    }
  },
  {
    "model": "member.badgemedia",
    "pk": 10,
    "fields": {
      "badgeId": 8,
      "pageUrl": "https://www.youtube.com/watch?v=xvaD2AamMpU",
      "description": "Passing Quick Drills",
      "mediaType": "VIDEO"
    }
  },
  {
    "model": "member.badgemedia",
    "pk": 11,
    "fields": {
      "badgeId": 10,
      "pageUrl": "https://www.youtube.com/watch?v=tcoRi1OxFmo",
      "description": "Shooting Drills",
      "mediaType": "VIDEO"
    }
  },
  {
    "model": "member.badgemedia",
    "pk": 12,
    "fields": {
      "badgeId": 4,
      "pageUrl": "https://www.sportsessionplanner.com/s/SX3S/Goalkeeping---Decision-of-Techniques-(Scoop-Cup-W).html",
      "description": "Goalkeeping Basics (Scoop, W & Cup)",
      "mediaType": "HREF"
    }
  },
  {
    "model": "member.badgemedia",
    "pk": 13,
    "fields": {
      "badgeId": 4,
      "pageUrl": "pdf/goalkeeping-bronze-assessment.pdf",
      "description": "Goalkeeping Bronze Assessment",
      "mediaType": "PDF"
    }
  },
  {
    "model": "member.badgemedia",
    "pk": 14,
    "fields": {
      "badgeId": 4,
      "pageUrl": "http://www.seriousgoalkeeping.net/Techniques/GoalkeeperTechniquesReadyPositions.aspx",
      "description": "Goalkeeping Hand Positions",
      "mediaType": "HREF"
    }
  },
  {
    "model": "member.badgemedia",
    "pk": 15,
    "fields": {
      "badgeId": 7,
      "pageUrl": "https://www.youtube.com/watch?v=pRZ-2MOEivM",
      "description": "Passing Drills I",
      "mediaType": "VIDEO"
    }
  },
  {
    "model": "member.badgemedia",
    "pk": 16,
    "fields": {
      "badgeId": 7,
      "pageUrl": "https://www.youtube.com/watch?v=Sm-u_ESEmjE",
      "description": "Passing Technique I",
      "mediaType": "VIDEO"
    }
  },
  {
    "model": "member.badgemedia",
    "pk": 20,
    "fields": {
      "badgeId": 14,
      "pageUrl": "https://www.youtube.com/watch?v=2e0TwCa-jXU",
      "description": "ToeTaps Tops",
      "mediaType": "VIDEO"
    }
  },
  {
    "model": "member.badgemedia",
    "pk": 23,
    "fields": {
      "badgeId": 17,
      "pageUrl": "https://www.youtube.com/watch?v=zVEeum8wA6U",
      "description": "Cryuff Turn Technique",
      "mediaType": "VIDEO"
    }
  },
  {
    "model": "member.badgemedia",
    "pk": 24,
    "fields": {
      "badgeId": 17,
      "pageUrl": "https://www.youtube.com/watch?v=cYNfy1fIA5w",
      "description": "Cryuff Turn Examples",
      "mediaType": "VIDEO"
    }
  },
  {
    "model": "member.badgemedia",
    "pk": 25,
    "fields": {
      "badgeId": 22,
      "pageUrl": "https://www.youtube.com/watch?v=YwPqQWij1aQ",
      "description": "Zidane Turn Examples",
      "mediaType": "VIDEO"
    }
  },
  {
    "model": "member.badgemedia",
    "pk": 26,
    "fields": {
      "badgeId": 22,
      "pageUrl": "https://www.youtube.com/watch?v=zVEeum8wA6U",
      "description": "Zidane Turn Technique",
      "mediaType": "VIDEO"
    }
  },
  {
    "model": "member.badgemedia",
    "pk": 27,
    "fields": {
      "badgeId": 18,
      "pageUrl": "https://www.youtube.com/watch?v=YpuAC0whCY4",
      "description": "Drag Back Turn Technique",
      "mediaType": "VIDEO"
    }
  },
  {
    "model": "member.badgemedia",
    "pk": 28,
    "fields": {
      "badgeId": 19,
      "pageUrl": "https://www.youtube.com/watch?v=Gms0BBPdGiY",
      "description": "Hook Turns Technique",
      "mediaType": "VIDEO"
    }
  },
  {
    "model": "member.badgemedia",
    "pk": 29,
    "fields": {
      "badgeId": 20,
      "pageUrl": "https://www.youtube.com/watch?v=t5TDr1lfh8g",
      "description": "Ronaldo Chop Technique",
      "mediaType": "VIDEO"
    }
  },
  {
    "model": "member.badgemedia",
    "pk": 30,
    "fields": {
      "badgeId": 21,
      "pageUrl": "https://www.youtube.com/watch?v=Z2XcxeCE-1M",
      "description": "Step Over Turn Technique",
      "mediaType": "VIDEO"
    }
  },
  {
    "model": "member.badgemedia",
    "pk": 31,
    "fields": {
      "badgeId": 35,
      "pageUrl": "https://www.youtube.com/watch?v=ZnjJpa1LBOY",
      "description": "Leadership Cartoons",
      "mediaType": "VIDEO"
    }
  },
  {
    "model": "member.badgemedia",
    "pk": 32,
    "fields": {
      "badgeId": 36,
      "pageUrl": "https://www.youtube.com/watch?v=SHsN8j7HRm4",
      "description": "Crossing I",
      "mediaType": "VIDEO"
    }
  },
  {
    "model": "member.badgemedia",
    "pk": 33,
    "fields": {
      "badgeId": 36,
      "pageUrl": "https://www.youtube.com/watch?v=1VdyP_V8aTc",
      "description": "Crossing II",
      "mediaType": "VIDEO"
    }
  },
  {
    "model": "member.badgemedia",
    "pk": 34,
    "fields": {
      "badgeId": 35,
      "pageUrl": "pdf/leadership-warmup-drills.pdf",
      "description": "Leadership Warm up Drills",
      "mediaType": "PDF"
    }
  },
  {
    "model": "member.badgemedia",
    "pk": 35,
    "fields": {
      "badgeId": 38,
      "pageUrl": "https://www.youtube.com/watch?v=xKMkqXCMtnw",
      "description": "How to Play Full Back",
      "mediaType": "VIDEO"
    }
  },
  {
    "model": "member.badgemedia",
    "pk": 36,
    "fields": {
      "badgeId": 39,
      "pageUrl": "https://www.youtube.com/watch?v=xKMkqXCMtnw",
      "description": "How to Play Full Back",
      "mediaType": "VIDEO"
    }
  },
  {
    "model": "member.badgemedia",
    "pk": 37,
    "fields": {
      "badgeId": 37,
      "pageUrl": "https://www.youtube.com/watch?v=sOqLOTN75x8",
      "description": "Sweeper keeper and quick distribution",
      "mediaType": "VIDEO"
    }
  },
  {
    "model": "member.badgemedia",
    "pk": 38,
    "fields": {
      "badgeId": 3,
      "pageUrl": "https://www.youtube.com/watch?v=qt6yDoT3sGU",
      "description": "First Touch - 1 Touch",
      "mediaType": "VIDEO"
    }
  },
  {
    "model": "member.coachinstuction",
    "pk": 1,
    "fields": {
      "badgeName": "kickups",
      "tipType": "I",
      "description": "Kickups gives you a good first touch"
    }
  },
  {
    "model": "member.coachinstuction",
    "pk": 2,
    "fields": {
      "badgeName": "kickups",
      "tipType": "T",
      "description": "Start throw and catch"
    }
  },
  {
    "model": "member.coachinstuction",
    "pk": 4,
    "fields": {
      "badgeName": "kickups",
      "tipType": "T",
      "description": "Keep your eyes on the ball"
    }
  },
  {
    "model": "member.coachinstuction",
    "pk": 5,
    "fields": {
      "badgeName": "kickups",
      "tipType": "T",
      "description": "Stay on your toes"
    }
  },
  {
    "model": "member.coachinstuction",
    "pk": 6,
    "fields": {
      "badgeName": "kickups",
      "tipType": "T",
      "description": "Keep it slow"
    }
  },
  {
    "model": "member.coachinstuction",
    "pk": 7,
    "fields": {
      "badgeName": "kickups",
      "tipType": "W",
      "description": "Dont kick it too hard"
    }
  },
  {
    "model": "member.coachinstuction",
    "pk": 8,
    "fields": {
      "badgeName": "kickups",
      "tipType": "W",
      "description": "Dont lean too far back"
    }
  },
  {
    "model": "member.coachinstuction",
    "pk": 9,
    "fields": {
      "badgeName": "kickups",
      "tipType": "T",
      "description": "Toes Pointing Upwards"
    }
  },
  {
    "model": "member.coachinstuction",
    "pk": 10,
    "fields": {
      "badgeName": "firsttouch",
      "tipType": "T",
      "description": "Play on your toes to help reactions"
    }
  },
  {
    "model": "member.coachinstuction",
    "pk": 11,
    "fields": {
      "badgeName": "kickups",
      "tipType": "I",
      "description": "Singles kick and catch"
    }
  },
  {
    "model": "member.coachinstuction",
    "pk": 12,
    "fields": {
      "badgeName": "kickups",
      "tipType": "I",
      "description": "Use both feet"
    }
  },
  {
    "model": "member.coachinstuction",
    "pk": 13,
    "fields": {
      "badgeName": "kickups",
      "tipType": "I",
      "description": "Try bounce kickups - 1 bounce / 1 kick / 1 bounce"
    }
  },
  {
    "model": "member.coachinstuction",
    "pk": 14,
    "fields": {
      "badgeName": "kickups",
      "tipType": "I",
      "description": "Increase to two kicks then catch so you can do it consistently"
    }
  },
  {
    "model": "member.coachinstuction",
    "pk": 15,
    "fields": {
      "badgeName": "kickups",
      "tipType": "I",
      "description": "Keep increasing as your confidence grows"
    }
  },
  {
    "model": "member.coachinstuction",
    "pk": 16,
    "fields": {
      "badgeName": "kickups",
      "tipType": "I",
      "description": "Use different body parts"
    }
  },
  {
    "model": "member.coachinstuction",
    "pk": 17,
    "fields": {
      "badgeName": "toetaps",
      "tipType": "I",
      "description": "Start with strong foot rolling the ball"
    }
  },
  {
    "model": "member.coachinstuction",
    "pk": 18,
    "fields": {
      "badgeName": "toetaps",
      "tipType": "I",
      "description": "Use both feet slowly manipulate the ball"
    }
  },
  {
    "model": "member.coachinstuction",
    "pk": 19,
    "fields": {
      "badgeName": "toetaps",
      "tipType": "I",
      "description": "Change direction keeping the ball controlled"
    }
  },
  {
    "model": "member.coachinstuction",
    "pk": 20,
    "fields": {
      "badgeName": "toetaps",
      "tipType": "I",
      "description": "Freestyle Skills"
    }
  },
  {
    "model": "member.coachinstuction",
    "pk": 21,
    "fields": {
      "badgeName": "toetaps",
      "tipType": "T",
      "description": "Start Slow"
    }
  },
  {
    "model": "member.coachinstuction",
    "pk": 22,
    "fields": {
      "badgeName": "toetaps",
      "tipType": "T",
      "description": "Keep the ball under control"
    }
  },
  {
    "model": "member.coachinstuction",
    "pk": 23,
    "fields": {
      "badgeName": "toetaps",
      "tipType": "T",
      "description": "Lift your knees properly"
    }
  },
  {
    "model": "member.coachinstuction",
    "pk": 24,
    "fields": {
      "badgeName": "firsttouch",
      "tipType": "I",
      "description": "Comfortable receiving the ball in tight areas"
    }
  },
  {
    "model": "member.coachinstuction",
    "pk": 25,
    "fields": {
      "badgeName": "firsttouch",
      "tipType": "I",
      "description": "Comfortable playing with both feet"
    }
  },
  {
    "model": "member.coachinstuction",
    "pk": 26,
    "fields": {
      "badgeName": "firsttouch",
      "tipType": "I",
      "description": "A good first touch gives you more time"
    }
  },
  {
    "model": "member.coachinstuction",
    "pk": 27,
    "fields": {
      "badgeName": "firsttouch",
      "tipType": "I",
      "description": "Can use any body part to control"
    }
  },
  {
    "model": "member.coachinstuction",
    "pk": 28,
    "fields": {
      "badgeName": "firsttouch",
      "tipType": "T",
      "description": "Use the nearest body part to control the ball"
    }
  },
  {
    "model": "member.coachinstuction",
    "pk": 29,
    "fields": {
      "badgeName": "firsttouch",
      "tipType": "W",
      "description": "Don't just use your strong foot"
    }
  },
  {
    "model": "member.coachinstuction",
    "pk": 30,
    "fields": {
      "badgeName": "firsttouch",
      "tipType": "T",
      "description": "Keep your eyes on the ball -  Observation"
    }
  },
  {
    "model": "member.coachinstuction",
    "pk": 31,
    "fields": {
      "badgeName": "firsttouch",
      "tipType": "T",
      "description": "First touch should place the ball ready for the next movement"
    }
  },
  {
    "model": "member.coachinstuction",
    "pk": 32,
    "fields": {
      "badgeName": "goalkeeper",
      "tipType": "I",
      "description": "Use stong technique to collect the ball (Scoop, W and Cup)"
    }
  },
  {
    "model": "member.coachinstuction",
    "pk": 33,
    "fields": {
      "badgeName": "goalkeeper",
      "tipType": "T",
      "description": "Always be on your toes to support you reactions"
    }
  },
  {
    "model": "member.coachinstuction",
    "pk": 34,
    "fields": {
      "badgeName": "goalkeeper",
      "tipType": "I",
      "description": "Use good footwork to narrow the angles of the shot (ABC's)"
    }
  },
  {
    "model": "member.coachinstuction",
    "pk": 35,
    "fields": {
      "badgeName": "goalkeeper",
      "tipType": "I",
      "description": "Good pass distribution using hands and feet (off the floor and out of hands) "
    }
  },
  {
    "model": "member.coachinstuction",
    "pk": 36,
    "fields": {
      "badgeName": "goalkeeper",
      "tipType": "I",
      "description": "Make good decisions about your positioning"
    }
  },
  {
    "model": "member.coachinstuction",
    "pk": 37,
    "fields": {
      "badgeName": "goalkeeper",
      "tipType": "T",
      "description": "Your hands should be in the correct positons"
    }
  },
  {
    "model": "member.coachinstuction",
    "pk": 38,
    "fields": {
      "badgeName": "toetaps",
      "tipType": "T",
      "description": "Use different parts of the feet increasing speed and ball manipulations"
    }
  },
  {
    "model": "member.coachinstuction",
    "pk": 39,
    "fields": {
      "badgeName": "passing",
      "tipType": "T",
      "description": "For shorter passing use the inside of your foot for accuracy"
    }
  },
  {
    "model": "member.coachinstuction",
    "pk": 40,
    "fields": {
      "badgeName": "passing",
      "tipType": "T",
      "description": "Long passes should be driven through like a shot"
    }
  },
  {
    "model": "member.coachinstuction",
    "pk": 41,
    "fields": {
      "badgeName": "passing",
      "tipType": "W",
      "description": "Don't forget the follow through on your contact"
    }
  },
  {
    "model": "member.coachinstuction",
    "pk": 42,
    "fields": {
      "badgeName": "passing",
      "tipType": "T",
      "description": "Watch for your team mates movement and runs into space"
    }
  },
  {
    "model": "member.coachinstuction",
    "pk": 43,
    "fields": {
      "badgeName": "passing",
      "tipType": "T",
      "description": "Practice hard with both feet, playing with two feet will give you more time"
    }
  },
  {
    "model": "member.coachinstuction",
    "pk": 45,
    "fields": {
      "badgeName": "passing",
      "tipType": "I",
      "description": "In football possession of the ball is key"
    }
  },
  {
    "model": "member.coachinstuction",
    "pk": 46,
    "fields": {
      "badgeName": "passing",
      "tipType": "I",
      "description": "Keeping the ball in your team through passing is one of the most important skills"
    }
  },
  {
    "model": "member.coachinstuction",
    "pk": 47,
    "fields": {
      "badgeName": "passing",
      "tipType": "I",
      "description": "Players should have a good range of passing - Short and Long"
    }
  },
  {
    "model": "member.coachinstuction",
    "pk": 48,
    "fields": {
      "badgeName": "passing",
      "tipType": "I",
      "description": "Players should be able to pass with both feet"
    }
  },
  {
    "model": "member.coachinstuction",
    "pk": 49,
    "fields": {
      "badgeName": "passing",
      "tipType": "I",
      "description": "Inside, Outside, Heel and Laces are all options for passing"
    }
  },
  {
    "model": "auth.user",
    "pk": 2,
    "fields": {
      "password": "pbkdf2_sha256$30000$3dFsVO8h5ywN$A1G65rzxrRyDvvv7wA21m1KzbE2GO0vbHZJsgRq83es=",
      "last_login": "2017-11-25T18:52:43.525Z",
      "is_superuser": true,
      "username": "imacdonald",
      "first_name": "",
      "last_name": "",
      "email": "iain.macdonald@williamhill.com",
      "is_staff": true,
      "is_active": true,
      "date_joined": "2017-04-24T23:02:17Z",
      "groups": [],
      "user_permissions": [
        1,
        2,
        3,
        10,
        11,
        12,
        4,
        5,
        6,
        7,
        8,
        9,
        13,
        14,
        15,
        28,
        29,
        30,
        31,
        32,
        33,
        25,
        26,
        27,
        37,
        38,
        39,
        22,
        23,
        24,
        19,
        20,
        21,
        40,
        41,
        42,
        16,
        17,
        18
      ]
    }
  },
  {
    "model": "auth.user",
    "pk": 3,
    "fields": {
      "password": "pbkdf2_sha256$30000$ZQZITrwSe2t7$QbXSIy2eleR+zv1FkhHQ4ilfk44wc/7sazxfeFRTqHk=",
      "last_login": "2017-11-25T08:31:40.250Z",
      "is_superuser": false,
      "username": "cmacdonald",
      "first_name": "Cameron",
      "last_name": "Macdonald",
      "email": "cameronjamesmacdonald@gmail.com",
      "is_staff": false,
      "is_active": true,
      "date_joined": "2017-04-24T23:08:11Z",
      "groups": [],
      "user_permissions": []
    }
  },
  {
    "model": "auth.user",
    "pk": 4,
    "fields": {
      "password": "pbkdf2_sha256$30000$D1caGRj1D13b$vmVYB4+SCCkIczKW2IqmSlzFdiGsLOooY9lFRdWGpgQ=",
      "last_login": "2017-04-24T23:16:24.362Z",
      "is_superuser": true,
      "username": "administrator",
      "first_name": "",
      "last_name": "",
      "email": "iain.macdonald@williamhill.com",
      "is_staff": true,
      "is_active": true,
      "date_joined": "2017-04-24T23:16:07.604Z",
      "groups": [],
      "user_permissions": []
    }
  },
  {
    "model": "auth.user",
    "pk": 6,
    "fields": {
      "password": "pbkdf2_sha256$30000$6Umd1BcsSrFe$cUsZVRV+taIQXXOopputhadqQ2m1jUkPaW8wmL1KYF0=",
      "last_login": "2017-04-25T05:22:42Z",
      "is_superuser": false,
      "username": "estokes",
      "first_name": "Evan",
      "last_name": "Stokes",
      "email": "gareth.stokes@02.com",
      "is_staff": false,
      "is_active": true,
      "date_joined": "2017-04-25T05:22:41Z",
      "groups": [],
      "user_permissions": []
    }
  },
  {
    "model": "auth.user",
    "pk": 7,
    "fields": {
      "password": "pbkdf2_sha256$30000$lbwIhVJiKR4t$rbmkg0sHWQzCoKAI1oHrNaQFOxTtaAoqgFfyrKGjAwg=",
      "last_login": "2017-11-19T23:01:05.058Z",
      "is_superuser": false,
      "username": "scurran",
      "first_name": "Sam",
      "last_name": "Curran",
      "email": "paul.curran3@sky.com",
      "is_staff": false,
      "is_active": true,
      "date_joined": "2017-04-25T05:31:51Z",
      "groups": [],
      "user_permissions": []
    }
  },
  {
    "model": "auth.user",
    "pk": 10,
    "fields": {
      "password": "pbkdf2_sha256$30000$uvvCNVY9fcW0$O5DbS+YufD+AWJBr/pcEMn1nW+Q3POLUDDeLmrxEmoY=",
      "last_login": "2017-06-02T14:27:50Z",
      "is_superuser": false,
      "username": "abarraclough",
      "first_name": "Alfie",
      "last_name": "Barraclough",
      "email": "Melbarraclough1@gmail.com",
      "is_staff": false,
      "is_active": true,
      "date_joined": "2017-05-06T18:23:02Z",
      "groups": [],
      "user_permissions": []
    }
  },
  {
    "model": "auth.user",
    "pk": 11,
    "fields": {
      "password": "pbkdf2_sha256$30000$TSwMyfD7ownt$1mjmWW/ycs8tvigsbnGZoRJWnTsWsJPHbQ3boPzVgV4=",
      "last_login": "2017-05-09T06:24:31Z",
      "is_superuser": false,
      "username": "ehildon",
      "first_name": "Eddie",
      "last_name": "Hildon",
      "email": "jacqui_cotton@yahoo.co.uk",
      "is_staff": false,
      "is_active": true,
      "date_joined": "2017-05-08T19:12:23Z",
      "groups": [],
      "user_permissions": []
    }
  },
  {
    "model": "auth.user",
    "pk": 12,
    "fields": {
      "password": "pbkdf2_sha256$30000$gbef3UI25byj$D3ab5EpmFgV0jvmCobOcjvdUJce3KwvD4InOlKjIjlU=",
      "last_login": "2017-05-10T20:15:35Z",
      "is_superuser": false,
      "username": "sboodhoo",
      "first_name": "Sidhish",
      "last_name": "Boodhoo",
      "email": "soniaboodhoo@live.com",
      "is_staff": false,
      "is_active": true,
      "date_joined": "2017-05-10T20:15:34Z",
      "groups": [],
      "user_permissions": []
    }
  },
  {
    "model": "auth.user",
    "pk": 14,
    "fields": {
      "password": "pbkdf2_sha256$30000$6QS7Fhc5Wris$mYEwfkFB8jctHM6CAdTs8N3wmyxWfL3lwMTkY0jdgIA=",
      "last_login": "2017-05-15T16:58:11Z",
      "is_superuser": false,
      "username": "zjones",
      "first_name": "Zac",
      "last_name": "Jones",
      "email": "gemma_jones2@sky.com",
      "is_staff": false,
      "is_active": true,
      "date_joined": "2017-05-15T16:58:11Z",
      "groups": [],
      "user_permissions": []
    }
  },
  {
    "model": "auth.user",
    "pk": 15,
    "fields": {
      "password": "pbkdf2_sha256$30000$Pk0bxzYN54Gh$FnhbJrytUUuNxPcG//g21ggBGx1Z/a+1OnUnH49vZb8=",
      "last_login": "2017-11-13T21:16:17.332Z",
      "is_superuser": false,
      "username": "obooth",
      "first_name": "Oscar",
      "last_name": "Booth",
      "email": "jskitt@sky.com",
      "is_staff": false,
      "is_active": true,
      "date_joined": "2017-05-17T20:46:38Z",
      "groups": [],
      "user_permissions": []
    }
  },
  {
    "model": "auth.user",
    "pk": 16,
    "fields": {
      "password": "pbkdf2_sha256$30000$LXs61osJbpsm$Mwyvsk+QcOfm2WQIjSvKeya1Cv0RR0DIqWWFTCsptLY=",
      "last_login": "2017-05-23T18:52:15Z",
      "is_superuser": false,
      "username": "tlomax",
      "first_name": "Thomas",
      "last_name": "Lomax",
      "email": "andrew.lomax@hotmail.co.uk",
      "is_staff": false,
      "is_active": true,
      "date_joined": "2017-05-23T18:50:38Z",
      "groups": [],
      "user_permissions": []
    }
  },
  {
    "model": "auth.user",
    "pk": 20,
    "fields": {
      "password": "pbkdf2_sha256$30000$CcgS36fbWRoV$r1n55OneVkSRq2fQbPcBgVwrgaciRPqCdQ7kwLwn8ec=",
      "last_login": "2017-09-12T15:22:26.630Z",
      "is_superuser": true,
      "username": "super",
      "first_name": "",
      "last_name": "",
      "email": "",
      "is_staff": true,
      "is_active": true,
      "date_joined": "2017-05-27T16:22:45.744Z",
      "groups": [],
      "user_permissions": []
    }
  },
  {
    "model": "auth.user",
    "pk": 21,
    "fields": {
      "password": "pbkdf2_sha256$30000$Ku1DIFj8jGza$OfpSKgGCLBjdo0iCEEXHEIq97bX3OXoNvxdKUu1tadc=",
      "last_login": "2017-05-27T22:39:05Z",
      "is_superuser": false,
      "username": "twynn",
      "first_name": "Tyler",
      "last_name": "Wynn",
      "email": "ultimatecollectsbles@hotmail.co.uk",
      "is_staff": false,
      "is_active": true,
      "date_joined": "2017-05-27T22:39:05Z",
      "groups": [],
      "user_permissions": []
    }
  },
  {
    "model": "auth.user",
    "pk": 22,
    "fields": {
      "password": "pbkdf2_sha256$30000$HRapO5W7DcRR$zFWmzg3HweWRtcxVCdQUk8JH17/14SXbdVDDCzljMCY=",
      "last_login": "2017-07-06T10:18:14Z",
      "is_superuser": false,
      "username": "acraft",
      "first_name": "Addison",
      "last_name": "Craft",
      "email": "h.pool@aol.co.uk",
      "is_staff": false,
      "is_active": true,
      "date_joined": "2017-05-28T15:53:19Z",
      "groups": [],
      "user_permissions": []
    }
  },
  {
    "model": "auth.user",
    "pk": 23,
    "fields": {
      "password": "pbkdf2_sha256$30000$WhS5aTVKUrkm$1chTurpr8AfaMiE3Y9pSqfyyZVvx0TuqnlVx91WGdZw=",
      "last_login": "2017-10-21T13:19:08Z",
      "is_superuser": true,
      "username": "jellerby",
      "first_name": "Josh",
      "last_name": "Ellerby",
      "email": "philellerby@me.com",
      "is_staff": true,
      "is_active": true,
      "date_joined": "2017-07-20T11:53:59Z",
      "groups": [],
      "user_permissions": []
    }
  },
  {
    "model": "auth.user",
    "pk": 24,
    "fields": {
      "password": "pbkdf2_sha256$30000$wsa4j192LZGr$02rQBkbOX/fBO2OtxTcbmfTbTvG2dxPaXrklgebDlsI=",
      "last_login": "2017-08-19T08:03:38Z",
      "is_superuser": false,
      "username": "jskitt",
      "first_name": "",
      "last_name": "",
      "email": "jskitt@sky.com",
      "is_staff": false,
      "is_active": true,
      "date_joined": "2017-08-19T08:03:00Z",
      "groups": [],
      "user_permissions": []
    }
  },
  {
    "model": "auth.user",
    "pk": 25,
    "fields": {
      "password": "pbkdf2_sha256$30000$piokJnYwweJN$E9GOfXrMohyh38sX1Tc+tr7ZtKGsxrJ63GtWjn1lhhU=",
      "last_login": null,
      "is_superuser": false,
      "username": "shunter",
      "first_name": "Sam",
      "last_name": "Hunter",
      "email": "corinneahunter@gmail.com",
      "is_staff": false,
      "is_active": true,
      "date_joined": "2017-10-22T20:26:09Z",
      "groups": [],
      "user_permissions": []
    }
  },
  {
    "model": "auth.user",
    "pk": 26,
    "fields": {
      "password": "pbkdf2_sha256$30000$Q46MRXvaQfjl$/lIDzEgyrbM8YKvjZ/pJwe76tUdkcK+rKkpolTYhxtQ=",
      "last_login": "2017-11-05T18:55:57.021Z",
      "is_superuser": false,
      "username": "rallsop",
      "first_name": "",
      "last_name": "",
      "email": "kjallsop1976@hotmail.com",
      "is_staff": false,
      "is_active": true,
      "date_joined": "2017-11-05T18:55:56.656Z",
      "groups": [],
      "user_permissions": []
    }
  },
  {
    "model": "member.usermember",
    "pk": 2,
    "fields": {
      "user": 6,
      "managerId": 1,
      "gender": "M",
      "full_name": "Evan Stokes",
      "favourite_player": "Ronaldo",
      "favourite_team": "Leeds United",
      "birthdate": "2009-04-27",
      "squad_number": 0,
      "picture": "",
      "picture_skill_profile": "",
      "slug": "evan-stokes",
      "consent": true
    }
  },
  {
    "model": "member.usermember",
    "pk": 4,
    "fields": {
      "user": 10,
      "managerId": 1,
      "gender": "M",
      "full_name": "Alfie barraclough",
      "favourite_player": "Pele",
      "favourite_team": "Real madrid",
      "birthdate": "2009-05-12",
      "squad_number": 0,
      "picture": "",
      "picture_skill_profile": "",
      "slug": "alfie-barraclough",
      "consent": true
    }
  },
  {
    "model": "member.usermember",
    "pk": 5,
    "fields": {
      "user": 11,
      "managerId": 1,
      "gender": "M",
      "full_name": "Eddie Hildon",
      "favourite_player": "Romelu Lukaku",
      "favourite_team": "Everton",
      "birthdate": "2009-04-04",
      "squad_number": 0,
      "picture": "",
      "picture_skill_profile": "",
      "slug": "eddie-hildon",
      "consent": true
    }
  },
  {
    "model": "member.usermember",
    "pk": 6,
    "fields": {
      "user": 12,
      "managerId": 1,
      "gender": "M",
      "full_name": "Sidhish Boodhoo",
      "favourite_player": "Sergio Ag\u00fcero",
      "favourite_team": "FC Bayern Munich",
      "birthdate": "2009-01-20",
      "squad_number": 0,
      "picture": "",
      "picture_skill_profile": "",
      "slug": "sidhish-boodhoo",
      "consent": true
    }
  },
  {
    "model": "member.usermember",
    "pk": 8,
    "fields": {
      "user": 14,
      "managerId": 1,
      "gender": "M",
      "full_name": "Zac Martyn Jones",
      "favourite_player": "Harry Kane",
      "favourite_team": "Leeds",
      "birthdate": "2009-05-01",
      "squad_number": 0,
      "picture": "",
      "picture_skill_profile": "",
      "slug": "zac-martyn-jones",
      "consent": true
    }
  },
  {
    "model": "member.usermember",
    "pk": 9,
    "fields": {
      "user": 15,
      "managerId": 1,
      "gender": "M",
      "full_name": "Oscar Booth",
      "favourite_player": "Adam Lallana",
      "favourite_team": "Liverpool",
      "birthdate": "2009-07-08",
      "squad_number": 8,
      "picture": "profile_images/Iain_Macdonald_Oscar_Booth.jpg",
      "picture_skill_profile": "",
      "slug": "oscar-booth",
      "consent": true
    }
  },
  {
    "model": "member.usermember",
    "pk": 12,
    "fields": {
      "user": 3,
      "managerId": 1,
      "gender": "M",
      "full_name": "Cameron Macdonald",
      "favourite_player": "Harry Kane",
      "favourite_team": "Sheffield Wednesday",
      "birthdate": "2009-07-08",
      "squad_number": 9,
      "picture": "profile_images/Iain_Macdonald_Cameron_Madonald.jpg",
      "picture_skill_profile": "",
      "slug": "cameron-madonald",
      "consent": true
    }
  },
  {
    "model": "member.usermember",
    "pk": 13,
    "fields": {
      "user": 22,
      "managerId": 1,
      "gender": "M",
      "full_name": "Addison Craft",
      "favourite_player": "Cristiano Ronaldo",
      "favourite_team": "Real Madrid",
      "birthdate": "2009-06-25",
      "squad_number": 0,
      "picture": "",
      "picture_skill_profile": "",
      "slug": "addison-craft",
      "consent": true
    }
  },
  {
    "model": "member.usermember",
    "pk": 14,
    "fields": {
      "user": 23,
      "managerId": 2,
      "gender": "M",
      "full_name": "Phil Ellerby",
      "favourite_player": "Joshua Ellerby",
      "favourite_team": "Hull City",
      "birthdate": "1981-08-18",
      "squad_number": 5,
      "picture": "profile_images/Phil_Ellerby_Phil_Ellerby.jpg",
      "picture_skill_profile": "",
      "slug": "phil-ellerby",
      "consent": true
    }
  },
  {
    "model": "member.usermember",
    "pk": 15,
    "fields": {
      "user": 25,
      "managerId": 1,
      "gender": "M",
      "full_name": "Sam Hunter",
      "favourite_player": "Ronaldo",
      "favourite_team": "Leeds",
      "birthdate": "2017-10-22",
      "squad_number": 0,
      "picture": "",
      "picture_skill_profile": "",
      "slug": "sam-hunter",
      "consent": true
    }
  },
  {
    "model": "member.usermember",
    "pk": 16,
    "fields": {
      "user": 26,
      "managerId": 1,
      "gender": "M",
      "full_name": "Rhys Allsop",
      "favourite_player": "Harry Kane",
      "favourite_team": "Tottenham Hotspur",
      "birthdate": "2009-05-18",
      "squad_number": 18,
      "picture": "profile_images/RhysAllsop.png",
      "picture_skill_profile": "",
      "slug": "rhys-allsop",
      "consent": true
    }
  },
  {
    "model": "member.usermember",
    "pk": 17,
    "fields": {
      "user": 7,
      "managerId": 1,
      "gender": "M",
      "full_name": "Sam Curran",
      "favourite_player": "Sammy Siaz",
      "favourite_team": "Leeds United",
      "birthdate": "2009-09-06",
      "squad_number": 11,
      "picture": "profile_images/Iain_Macdonald_Sam_Curran.jpg",
      "picture_skill_profile": "",
      "slug": "sam-curran",
      "consent": true
    }
  },
  {
    "model": "member.badgeawards",
    "pk": 11,
    "fields": {
      "userId": 3,
      "badgeId": 14,
      "dateAwarded": "2017-05-27",
      "score": "120.00",
      "comments": "Completed in Training",
      "managerId": 1
    }
  },
  {
    "model": "member.badgeawards",
    "pk": 12,
    "fields": {
      "userId": 7,
      "badgeId": 14,
      "dateAwarded": "2017-05-27",
      "score": "45.00",
      "comments": "Completed in Training",
      "managerId": 1
    }
  },
  {
    "model": "member.badgeawards",
    "pk": 15,
    "fields": {
      "userId": 21,
      "badgeId": 14,
      "dateAwarded": "2017-05-27",
      "score": "35.00",
      "comments": "Awarded in Training",
      "managerId": 1
    }
  },
  {
    "model": "member.badgeawards",
    "pk": 16,
    "fields": {
      "userId": 3,
      "badgeId": 35,
      "dateAwarded": "2017-09-23",
      "score": "0.00",
      "comments": "Good Solid performance",
      "managerId": 1
    }
  },
  {
    "model": "member.badgeawards",
    "pk": 17,
    "fields": {
      "userId": 6,
      "badgeId": 35,
      "dateAwarded": "2017-09-23",
      "score": "0.00",
      "comments": "Good Work",
      "managerId": 1
    }
  },
  {
    "model": "member.badgeawards",
    "pk": 18,
    "fields": {
      "userId": 7,
      "badgeId": 35,
      "dateAwarded": "2017-09-18",
      "score": "0.00",
      "comments": "Great effort for the first session",
      "managerId": 1
    }
  },
  {
    "model": "member.badgeawards",
    "pk": 19,
    "fields": {
      "userId": 21,
      "badgeId": 35,
      "dateAwarded": "2017-10-01",
      "score": "0.00",
      "comments": "Bulldogs",
      "managerId": 1
    }
  },
  {
    "model": "member.badgeawards",
    "pk": 20,
    "fields": {
      "userId": 11,
      "badgeId": 35,
      "dateAwarded": "2017-10-22",
      "score": "0.00",
      "comments": "Bulldogs Warmup",
      "managerId": 1
    }
  },
  {
    "model": "member.badgeawards",
    "pk": 21,
    "fields": {
      "userId": 3,
      "badgeId": 38,
      "dateAwarded": "2017-10-08",
      "score": "0.00",
      "comments": "Strong Right Defensive Performance",
      "managerId": 1
    }
  },
  {
    "model": "member.badgeawards",
    "pk": 22,
    "fields": {
      "userId": 3,
      "badgeId": 43,
      "dateAwarded": "2017-10-08",
      "score": "0.00",
      "comments": "Good Performance vs Beeston",
      "managerId": 1
    }
  },
  {
    "model": "member.badgeawards",
    "pk": 23,
    "fields": {
      "userId": 15,
      "badgeId": 35,
      "dateAwarded": "2017-10-07",
      "score": "0.00",
      "comments": "Naughts and Crosses",
      "managerId": 1
    }
  },
  {
    "model": "member.badgeawards",
    "pk": 24,
    "fields": {
      "userId": 6,
      "badgeId": 41,
      "dateAwarded": "2017-10-21",
      "score": "0.00",
      "comments": "Vs Horsforth",
      "managerId": 1
    }
  },
  {
    "model": "member.badgeawards",
    "pk": 25,
    "fields": {
      "userId": 3,
      "badgeId": 41,
      "dateAwarded": "2017-11-05",
      "score": "0.00",
      "comments": "vs Ossett Albion",
      "managerId": 1
    }
  },
  {
    "model": "member.badgeawards",
    "pk": 26,
    "fields": {
      "userId": 3,
      "badgeId": 37,
      "dateAwarded": "2017-11-04",
      "score": "0.00",
      "comments": "Vs Beeston - Clean Sheet",
      "managerId": 1
    }
  },
  {
    "model": "member.badgeawards",
    "pk": 27,
    "fields": {
      "userId": 7,
      "badgeId": 42,
      "dateAwarded": "2017-11-05",
      "score": "0.00",
      "comments": "Excellent vs Ossett",
      "managerId": 1
    }
  },
  {
    "model": "member.badgeawards",
    "pk": 28,
    "fields": {
      "userId": 26,
      "badgeId": 41,
      "dateAwarded": "2017-10-15",
      "score": "0.00",
      "comments": "Vs Stanningley",
      "managerId": 1
    }
  },
  {
    "model": "member.playermatchawards",
    "pk": 2,
    "fields": {
      "userId": 3,
      "awardType": "GOALS",
      "dateAwarded": "2017-11-05",
      "score": 1,
      "comments": "vs Ossett Albion"
    }
  },
  {
    "model": "member.playermatchawards",
    "pk": 3,
    "fields": {
      "userId": 3,
      "awardType": "POTMS",
      "dateAwarded": "2017-10-29",
      "score": 1,
      "comments": "vs Horseforth"
    }
  },
  {
    "model": "member.playermatchawards",
    "pk": 4,
    "fields": {
      "userId": 26,
      "awardType": "POTMS",
      "dateAwarded": "2017-10-08",
      "score": 1,
      "comments": "vs Stanningley"
    }
  },
  {
    "model": "member.playermatchawards",
    "pk": 5,
    "fields": {
      "userId": 3,
      "awardType": "GOALS",
      "dateAwarded": "2017-10-08",
      "score": 3,
      "comments": "Vs Stanningley"
    }
  },
  {
    "model": "member.playermatchawards",
    "pk": 6,
    "fields": {
      "userId": 3,
      "awardType": "GOALS",
      "dateAwarded": "2017-10-15",
      "score": 1,
      "comments": "vs Robin Hood"
    }
  },
  {
    "model": "member.playermatchawards",
    "pk": 7,
    "fields": {
      "userId": 15,
      "awardType": "POTMS",
      "dateAwarded": "2017-10-15",
      "score": 1,
      "comments": "Vs Robin Hood"
    }
  },
  {
    "model": "member.playermatchawards",
    "pk": 8,
    "fields": {
      "userId": 3,
      "awardType": "GOALS",
      "dateAwarded": "2017-10-22",
      "score": 1,
      "comments": "Vs Horsforth"
    }
  },
  {
    "model": "member.playermatchawards",
    "pk": 9,
    "fields": {
      "userId": 3,
      "awardType": "POTMS",
      "dateAwarded": "2017-10-22",
      "score": 1,
      "comments": "Vs Horseforth"
    }
  },
  {
    "model": "member.playermatchawards",
    "pk": 10,
    "fields": {
      "userId": 7,
      "awardType": "POTMS",
      "dateAwarded": "2017-10-22",
      "score": 1,
      "comments": "Vs Horsforth"
    }
  },
  {
    "model": "member.playermatchawards",
    "pk": 11,
    "fields": {
      "userId": 15,
      "awardType": "GOALS",
      "dateAwarded": "2017-10-22",
      "score": 1,
      "comments": "Vs Horsforth"
    }
  },
  {
    "model": "member.playermatchawards",
    "pk": 13,
    "fields": {
      "userId": 7,
      "awardType": "GOALS",
      "dateAwarded": "2017-11-05",
      "score": 2,
      "comments": "Vs Ossett Albion"
    }
  },
  {
    "model": "member.playermatchawards",
    "pk": 14,
    "fields": {
      "userId": 3,
      "awardType": "CLEANSHEETS",
      "dateAwarded": "2017-11-04",
      "score": 1,
      "comments": "Vs Beeston Sat"
    }
  },
  {
    "model": "member.playermatchawards",
    "pk": 15,
    "fields": {
      "userId": 7,
      "awardType": "GOALS",
      "dateAwarded": "2017-10-14",
      "score": 1,
      "comments": "Vs Robin Hood"
    }
  },
  {
    "model": "member.playermatchawards",
    "pk": 16,
    "fields": {
      "userId": 7,
      "awardType": "GOALS",
      "dateAwarded": "2017-10-08",
      "score": 1,
      "comments": "Vs Stanningley"
    }
  },
  {
    "model": "member.playermatchawards",
    "pk": 17,
    "fields": {
      "userId": 26,
      "awardType": "GOALS",
      "dateAwarded": "2017-10-08",
      "score": 2,
      "comments": "Vs Stanningley"
    }
  },
  {
    "model": "member.playermatchawards",
    "pk": 18,
    "fields": {
      "userId": 3,
      "awardType": "GOALS",
      "dateAwarded": "2017-11-12",
      "score": 2,
      "comments": "Vs Beeston"
    }
  },
  {
    "model": "member.playermatchawards",
    "pk": 19,
    "fields": {
      "userId": 6,
      "awardType": "GOALS",
      "dateAwarded": "2017-11-12",
      "score": 2,
      "comments": "Vs Beeston"
    }
  },
  {
    "model": "member.playermatchawards",
    "pk": 20,
    "fields": {
      "userId": 22,
      "awardType": "GOALS",
      "dateAwarded": "2017-11-12",
      "score": 2,
      "comments": "Vs Beeston"
    }
  }
]