[
  {
    "model": "member.teammanagers",
    "pk": 1,
    "fields": {
      "full_name": "Iain Macdonald",
      "team": "U9 Boys"
    }
  },
  {
    "model": "member.badges",
    "pk": 1,
    "fields": {
      "name": "First Touch",
      "category": "TECHNICAL",
      "levels": "B",
      "pageUrl": "/member/skillsmatrix/technical/firsttouch/",
      "iconUrl": "/images/badges/firsttouch-bronze.png",
      "description": "First Touch Bronze"
    }
  },
  {
    "model": "member.badges",
    "pk": 2,
    "fields": {
      "name": "First Touch",
      "category": "TECHNICAL",
      "levels": "S",
      "pageUrl": "/member/skillsmatrix/technical/firsttouch/",
      "iconUrl": "/images/badges/firsttouch-silver.png",
      "description": "First Touch Silver"
    }
  },
  {
    "model": "member.badges",
    "pk": 3,
    "fields": {
      "name": "First Touch",
      "category": "TECHNICAL",
      "levels": "G",
      "pageUrl": "/member/skillsmatrix/technical/firsttouch/",
      "iconUrl": "/images/badges/firsttouch-gold.png",
      "description": "First Touch Gold"
    }
  },
  {
    "model": "member.badges",
    "pk": 4,
    "fields": {
      "name": "Goalkeeper",
      "category": "TECHNICAL",
      "levels": "B",
      "pageUrl": "/member/skillsmatrix/technical/goalkeeper/",
      "iconUrl": "/images/badges/goalkeeping-bronze.png",
      "description": "Goalkeeping Bronze"
    }
  },
  {
    "model": "member.badges",
    "pk": 5,
    "fields": {
      "name": "Goalkeeper",
      "category": "TECHNICAL",
      "levels": "S",
      "pageUrl": "/member/skillsmatrix/technical/goalkeeper/",
      "iconUrl": "/images/badges/goalkeeping-silver.png",
      "description": "Goalkeeping Silver"
    }
  },
  {
    "model": "member.badges",
    "pk": 6,
    "fields": {
      "name": "Goalkeeper",
      "category": "TECHNICAL",
      "levels": "G",
      "pageUrl": "/member/skillsmatrix/technical/goalkeeper/",
      "iconUrl": "/images/badges/goalkeeping-gold.png",
      "description": "Goalkeeping Gold"
    }
  },
  {
    "model": "member.badges",
    "pk": 7,
    "fields": {
      "name": "Passing",
      "category": "TECHNICAL",
      "levels": "B",
      "pageUrl": "/member/skillsmatrix/technical/passing/",
      "iconUrl": "/images/badges/passing-bronze.png",
      "description": "Passing Bronze"
    }
  },
  {
    "model": "member.badges",
    "pk": 8,
    "fields": {
      "name": "Passing",
      "category": "TECHNICAL",
      "levels": "S",
      "pageUrl": "/member/skillsmatrix/technical/passing/",
      "iconUrl": "/images/badges/passing-silver.png",
      "description": "Passing Silver"
    }
  },
  {
    "model": "member.badges",
    "pk": 9,
    "fields": {
      "name": "Passing",
      "category": "TECHNICAL",
      "levels": "G",
      "pageUrl": "/member/skillsmatrix/technical/passing/",
      "iconUrl": "/images/badges/passing-gold.png",
      "description": "Passing Gold"
    }
  },
  {
    "model": "member.badges",
    "pk": 10,
    "fields": {
      "name": "Goalscorer",
      "category": "TECHNICAL",
      "levels": "M",
      "pageUrl": "/member/skillsmatrix/challengebadges/",
      "iconUrl": "/images/badges/goalscorer-merit.png",
      "description": "Goalscorer"
    }
  },
  {
    "model": "member.badges",
    "pk": 11,
    "fields": {
      "name": "Kickups",
      "category": "PSYCHOLOGICAL",
      "levels": "B",
      "pageUrl": "/member/skillsmatrix/psychological/kickups/",
      "iconUrl": "/images/badges/kickups-bronze.png",
      "description": "Kickups Bronze"
    }
  },
  {
    "model": "member.badges",
    "pk": 12,
    "fields": {
      "name": "Kickups",
      "category": "PSYCHOLOGICAL",
      "levels": "S",
      "pageUrl": "/member/skillsmatrix/psychological/kickups/",
      "iconUrl": "/images/badges/kickups-silver.png",
      "description": "Kickups Silver"
    }
  },
  {
    "model": "member.badges",
    "pk": 13,
    "fields": {
      "name": "Kickups",
      "category": "PSYCHOLOGICAL",
      "levels": "G",
      "pageUrl": "/member/skillsmatrix/psychological/kickups/",
      "iconUrl": "/images/badges/kickups-gold.png",
      "description": "Kickups Gold"
    }
  },
  {
    "model": "member.badges",
    "pk": 14,
    "fields": {
      "name": "Toe Taps",
      "category": "PSYCHOLOGICAL",
      "levels": "B",
      "pageUrl": "/member/skillsmatrix/psychological/toetaps/",
      "iconUrl": "/images/badges/toetaps-bronze.png",
      "description": "Toe Taps Bronze"
    }
  },
  {
    "model": "member.badges",
    "pk": 15,
    "fields": {
      "name": "Toe Taps",
      "category": "PSYCHOLOGICAL",
      "levels": "S",
      "pageUrl": "/member/skillsmatrix/psychological/toetaps/",
      "iconUrl": "/images/badges/toetaps-silver.png",
      "description": "Toe Taps Silver"
    }
  },
  {
    "model": "member.badges",
    "pk": 16,
    "fields": {
      "name": "Toe Taps",
      "category": "PSYCHOLOGICAL",
      "levels": "G",
      "pageUrl": "/member/skillsmatrix/psychological/toetaps/",
      "iconUrl": "/images/badges/toetaps-gold.png",
      "description": "Toe Taps Gold"
    }
  },
  {
    "model": "member.badges",
    "pk": 17,
    "fields": {
      "name": "Cryuff Turns",
      "category": "PSYCHOLOGICAL",
      "levels": "M",
      "pageUrl": "/member/skillsmatrix/challengebadges/",
      "iconUrl": "/images/badges/cryuffturns-merit.png",
      "description": "Cryuff Turn"
    }
  },
  {
    "model": "member.badges",
    "pk": 18,
    "fields": {
      "name": "Dragback Turns",
      "category": "PSYCHOLOGICAL",
      "levels": "M",
      "pageUrl": "/member/skillsmatrix/challengebadges/",
      "iconUrl": "/images/badges/dragbackturns-merit.png",
      "description": "Dragback Turn"
    }
  },
  {
    "model": "member.badges",
    "pk": 19,
    "fields": {
      "name": "Hook Turns",
      "category": "PSYCHOLOGICAL",
      "levels": "M",
      "pageUrl": "/member/skillsmatrix/challengebadges/",
      "iconUrl": "/images/badges/hookturns-merit.png",
      "description": "Hook Turn"
    }
  },
  {
    "model": "member.badges",
    "pk": 20,
    "fields": {
      "name": "Ronaldo-chop Turns",
      "category": "PSYCHOLOGICAL",
      "levels": "M",
      "pageUrl": "/member/skillsmatrix/challengebadges/",
      "iconUrl": "/images/badges/ronaldochop-merit.png",
      "description": "Ronaldo Chop Turn"
    }
  },
  {
    "model": "member.badges",
    "pk": 21,
    "fields": {
      "name": "Stepover Turns",
      "category": "PSYCHOLOGICAL",
      "levels": "M",
      "pageUrl": "/member/skillsmatrix/challengebadges/",
      "iconUrl": "/images/badges/stepoverturns-merit.png",
      "description": "Stepover Turn"
    }
  },
  {
    "model": "member.badges",
    "pk": 22,
    "fields": {
      "name": "Zidane Turns",
      "category": "PSYCHOLOGICAL",
      "levels": "M",
      "pageUrl": "/member/skillsmatrix/challengebadges/",
      "iconUrl": "/images/badges/zidaneturns-merit.png",
      "description": "Zidane Turn"
    }
  },
  {
    "model": "member.badges",
    "pk": 23,
    "fields": {
      "name": "Dribbling",
      "category": "PHYSICAL",
      "levels": "B",
      "pageUrl": "/member/skillsmatrix/physical/dribbling/",
      "iconUrl": "/images/badges/dribbling-bronze.png",
      "description": "Dribbling Bronze"
    }
  },
  {
    "model": "member.badges",
    "pk": 24,
    "fields": {
      "name": "Dribbling",
      "category": "PHYSICAL",
      "levels": "S",
      "pageUrl": "/member/skillsmatrix/physical/dribbling/",
      "iconUrl": "/images/badges/dribbling-silver.png",
      "description": "Dribbling Silver"
    }
  },
  {
    "model": "member.badges",
    "pk": 25,
    "fields": {
      "name": "Dribbling",
      "category": "PHYSICAL",
      "levels": "G",
      "pageUrl": "/member/skillsmatrix/physical/dribbling/",
      "iconUrl": "/images/badges/dribbling-gold.png",
      "description": "Dribbling Gold"
    }
  },
  {
    "model": "member.badges",
    "pk": 26,
    "fields": {
      "name": "Heading",
      "category": "PHYSICAL",
      "levels": "B",
      "pageUrl": "/member/skillsmatrix/physical/heading/",
      "iconUrl": "/images/badges/heading-bronze.png",
      "description": "Heading Bronze"
    }
  },
  {
    "model": "member.badges",
    "pk": 27,
    "fields": {
      "name": "Heading",
      "category": "PHYSICAL",
      "levels": "S",
      "pageUrl": "/member/skillsmatrix/physical/heading/",
      "iconUrl": "/images/badges/heading-silver.png",
      "description": "Heading Silver"
    }
  },
  {
    "model": "member.badges",
    "pk": 28,
    "fields": {
      "name": "Heading",
      "category": "PHYSICAL",
      "levels": "G",
      "pageUrl": "/member/skillsmatrix/physical/heading/",
      "iconUrl": "/images/badges/heading-gold.png",
      "description": "Heading Gold"
    }
  },
  {
    "model": "member.badges",
    "pk": 29,
    "fields": {
      "name": "Attacking",
      "category": "SOCIAL",
      "levels": "B",
      "pageUrl": "/member/skillsmatrix/social/attacking/",
      "iconUrl": "/images/badges/attacking-bronze.png",
      "description": "Attacking Bronze"
    }
  },
  {
    "model": "member.badges",
    "pk": 30,
    "fields": {
      "name": "Attacking",
      "category": "SOCIAL",
      "levels": "S",
      "pageUrl": "/member/skillsmatrix/social/attacking/",
      "iconUrl": "/images/badges/attacking-silver.png",
      "description": "Attacking Silver"
    }
  },
  {
    "model": "member.badges",
    "pk": 31,
    "fields": {
      "name": "Attacking",
      "category": "SOCIAL",
      "levels": "G",
      "pageUrl": "/member/skillsmatrix/social/attacking/",
      "iconUrl": "/images/badges/attacking-gold.png",
      "description": "Attacking Gold"
    }
  },
  {
    "model": "member.badges",
    "pk": 32,
    "fields": {
      "name": "Defending",
      "category": "SOCIAL",
      "levels": "B",
      "pageUrl": "/member/skillsmatrix/social/defending/",
      "iconUrl": "/images/badges/defending-bronze.png",
      "description": "Defending Bronze"
    }
  },
  {
    "model": "member.badges",
    "pk": 33,
    "fields": {
      "name": "Defending",
      "category": "SOCIAL",
      "levels": "S",
      "pageUrl": "/member/skillsmatrix/social/defending/",
      "iconUrl": "/images/badges/defending-silver.png",
      "description": "Defending Silver"
    }
  },
  {
    "model": "member.badges",
    "pk": 34,
    "fields": {
      "name": "Defending",
      "category": "SOCIAL",
      "levels": "G",
      "pageUrl": "/member/skillsmatrix/social/defending/",
      "iconUrl": "/images/badges/defending-gold.png",
      "description": "Defending Gold"
    }
  },
  {
    "model": "member.badges",
    "pk": 35,
    "fields": {
      "name": "Leadership",
      "category": "SOCIAL",
      "levels": "M",
      "pageUrl": "/member/skillsmatrix/challengebadges/",
      "iconUrl": "/images/badges/leadership-merit.png",
      "description": "Leadership"
    }
  },
  {
    "model": "member.badges",
    "pk": 36,
    "fields": {
      "name": "Teamwork",
      "category": "SOCIAL",
      "levels": "M",
      "pageUrl": "/member/skillsmatrix/challengebadges/",
      "iconUrl": "/images/badges/teamwork-merit.png",
      "description": "Teamwork"
    }
  },
  {
    "model": "member.badgeassesments",
    "pk": 1,
    "fields": {
      "badgeId": 10,
      "description": "Score a goal"
    }
  },
  {
    "model": "member.badgeassesments",
    "pk": 2,
    "fields": {
      "badgeId": 10,
      "description": "Score a goal with your weak foot"
    }
  },
  {
    "model": "member.badgeassesments",
    "pk": 3,
    "fields": {
      "badgeId": 10,
      "description": "Score a hattrick"
    }
  },
  {
    "model": "member.badgeassesments",
    "pk": 4,
    "fields": {
      "badgeId": 17,
      "description": "Complete the turn at walking pace"
    }
  },
  {
    "model": "member.badgeassesments",
    "pk": 5,
    "fields": {
      "badgeId": 17,
      "description": "Complete the turn running"
    }
  },
  {
    "model": "member.badgeassesments",
    "pk": 6,
    "fields": {
      "badgeId": 17,
      "description": "Complete the turn with both feet"
    }
  },
  {
    "model": "member.badgeassesments",
    "pk": 7,
    "fields": {
      "badgeId": 18,
      "description": "Complete the turn at walking pace"
    }
  },
  {
    "model": "member.badgeassesments",
    "pk": 8,
    "fields": {
      "badgeId": 18,
      "description": "Complete the turn running"
    }
  },
  {
    "model": "member.badgeassesments",
    "pk": 9,
    "fields": {
      "badgeId": 18,
      "description": "Complete the turn with both feet"
    }
  },
  {
    "model": "member.badgeassesments",
    "pk": 10,
    "fields": {
      "badgeId": 19,
      "description": "Complete the turn at walking pace"
    }
  },
  {
    "model": "member.badgeassesments",
    "pk": 11,
    "fields": {
      "badgeId": 19,
      "description": "Complete the turn running"
    }
  },
  {
    "model": "member.badgeassesments",
    "pk": 12,
    "fields": {
      "badgeId": 19,
      "description": "Complete the turn with both feet"
    }
  },
  {
    "model": "member.badgeassesments",
    "pk": 13,
    "fields": {
      "badgeId": 20,
      "description": "Complete the turn at walking pace"
    }
  },
  {
    "model": "member.badgeassesments",
    "pk": 14,
    "fields": {
      "badgeId": 20,
      "description": "Complete the turn running"
    }
  },
  {
    "model": "member.badgeassesments",
    "pk": 15,
    "fields": {
      "badgeId": 20,
      "description": "Complete the turn at walking pace"
    }
  },
  {
    "model": "member.badgeassesments",
    "pk": 16,
    "fields": {
      "badgeId": 21,
      "description": "Complete the turn at walking pace"
    }
  },
  {
    "model": "member.badgeassesments",
    "pk": 17,
    "fields": {
      "badgeId": 21,
      "description": "Complete the turn running"
    }
  },
  {
    "model": "member.badgeassesments",
    "pk": 18,
    "fields": {
      "badgeId": 21,
      "description": "Complete the turn with both feet"
    }
  },
  {
    "model": "member.badgeassesments",
    "pk": 19,
    "fields": {
      "badgeId": 22,
      "description": "Complete the turn at walking pace"
    }
  },
  {
    "model": "member.badgeassesments",
    "pk": 20,
    "fields": {
      "badgeId": 22,
      "description": "Complete the turn running"
    }
  },
  {
    "model": "member.badgeassesments",
    "pk": 21,
    "fields": {
      "badgeId": 22,
      "description": "Complete the turn with both feet"
    }
  },
  {
    "model": "member.badgeassesments",
    "pk": 22,
    "fields": {
      "badgeId": 36,
      "description": "Assist a goal"
    }
  },
  {
    "model": "member.badgeassesments",
    "pk": 23,
    "fields": {
      "badgeId": 36,
      "description": "Assist from a corner"
    }
  },
  {
    "model": "member.badgeassesments",
    "pk": 24,
    "fields": {
      "badgeId": 36,
      "description": "Assist with a 1-2"
    }
  },
  {
    "model": "member.badgeassesments",
    "pk": 25,
    "fields": {
      "badgeId": 35,
      "description": "Take a warm up"
    }
  },
  {
    "model": "member.badgeassesments",
    "pk": 26,
    "fields": {
      "badgeId": 35,
      "description": "Captain the Team (c)"
    }
  },
  {
    "model": "member.badgeassesments",
    "pk": 27,
    "fields": {
      "badgeId": 35,
      "description": "Show support and encourage your team"
    }
  },
  {
    "model": "member.badgeassesments",
    "pk": 28,
    "fields": {
      "badgeId": 35,
      "description": "Loud communication with team mates"
    }
  },
  {
    "model": "member.badgeassesments",
    "pk": 29,
    "fields": {
      "badgeId": 11,
      "description": "10 Kickups (L/R) [Bounces Allowed]"
    }
  },
  {
    "model": "member.badgeassesments",
    "pk": 30,
    "fields": {
      "badgeId": 11,
      "description": "5 Kickups (L/R) [No Bounce]"
    }
  },
  {
    "model": "member.badgeassesments",
    "pk": 31,
    "fields": {
      "badgeId": 12,
      "description": "25 Kickups (L/R) [Bounces Allowed]"
    }
  },
  {
    "model": "member.badgeassesments",
    "pk": 32,
    "fields": {
      "badgeId": 12,
      "description": "10 Kickups (L/R) [No Bounce]"
    }
  },
  {
    "model": "member.badgeassesments",
    "pk": 33,
    "fields": {
      "badgeId": 13,
      "description": "50 Kickups (L/R) [Bounces Allowed]"
    }
  },
  {
    "model": "member.badgeassesments",
    "pk": 35,
    "fields": {
      "badgeId": 13,
      "description": "25 Kickups (L/R) [No Bounce]"
    }
  },
  {
    "model": "member.badgeassesments",
    "pk": 36,
    "fields": {
      "badgeId": 14,
      "description": "40 Toe Taps (L/R) under 60 seconds"
    }
  },
  {
    "model": "member.badgeassesments",
    "pk": 37,
    "fields": {
      "badgeId": 15,
      "description": "45 Toe Taps (L/R) under 60 seconds"
    }
  },
  {
    "model": "member.badgeassesments",
    "pk": 38,
    "fields": {
      "badgeId": 16,
      "description": "60 Toe Taps (L/R) under 60 seconds"
    }
  },
  {
    "model": "member.badgeassesments",
    "pk": 39,
    "fields": {
      "badgeId": 1,
      "description": "The ball must not leave the player box for control"
    }
  },
  {
    "model": "member.badgeassesments",
    "pk": 40,
    "fields": {
      "badgeId": 1,
      "description": "5 Passes off the floor"
    }
  },
  {
    "model": "member.badgeassesments",
    "pk": 41,
    "fields": {
      "badgeId": 1,
      "description": "5 passes thrown into the player"
    }
  },
  {
    "model": "member.badgeassesments",
    "pk": 42,
    "fields": {
      "badgeId": 1,
      "description": "The player must get a 60% completion rate"
    }
  },
  {
    "model": "member.badgeassesments",
    "pk": 43,
    "fields": {
      "badgeId": 2,
      "description": "The first touch should take the ball away from the post."
    }
  },
  {
    "model": "member.badgeassesments",
    "pk": 44,
    "fields": {
      "badgeId": 2,
      "description": "Players must rotate between the left and right feet."
    }
  },
  {
    "model": "member.badgeassesments",
    "pk": 45,
    "fields": {
      "badgeId": 2,
      "description": "The following touches are required TopTaps, Inside and Outside"
    }
  },
  {
    "model": "member.badgeassesments",
    "pk": 46,
    "fields": {
      "badgeId": 2,
      "description": "The weight of pass back to the player should be correct."
    }
  },
  {
    "model": "member.badgeassesments",
    "pk": 47,
    "fields": {
      "badgeId": 7,
      "description": "The weight of pass to the target is important"
    }
  },
  {
    "model": "member.badgeassesments",
    "pk": 48,
    "fields": {
      "badgeId": 7,
      "description": "The passes into the target goals should be alternative Left/Right"
    }
  },
  {
    "model": "member.badgeassesments",
    "pk": 49,
    "fields": {
      "badgeId": 4,
      "description": "The player should be able to collect 70% of shots"
    }
  },
  {
    "model": "member.badgeassesments",
    "pk": 50,
    "fields": {
      "badgeId": 4,
      "description": "The player should be able to demonstrate the W, Scoop and Cup"
    }
  },
  {
    "model": "member.badgeassesments",
    "pk": 51,
    "fields": {
      "badgeId": 4,
      "description": "The player can roll the ball out underarm to a player 10m away."
    }
  },
  {
    "model": "member.badgeassesments",
    "pk": 58,
    "fields": {
      "badgeId": 17,
      "description": "Complete the turn in a game"
    }
  },
  {
    "model": "member.badgeassesments",
    "pk": 59,
    "fields": {
      "badgeId": 18,
      "description": "Complete the turn in a game"
    }
  },
  {
    "model": "member.badgeassesments",
    "pk": 60,
    "fields": {
      "badgeId": 19,
      "description": "Complete the turn in a game"
    }
  },
  {
    "model": "member.badgeassesments",
    "pk": 61,
    "fields": {
      "badgeId": 20,
      "description": "Complete the turn in a game"
    }
  },
  {
    "model": "member.badgeassesments",
    "pk": 62,
    "fields": {
      "badgeId": 21,
      "description": "Complete the turn in a game"
    }
  },
  {
    "model": "member.badgeassesments",
    "pk": 63,
    "fields": {
      "badgeId": 22,
      "description": "Complete the turn in a game"
    }
  },
  {
    "model": "member.badgeassesments",
    "pk": 64,
    "fields": {
      "badgeId": 14,
      "description": "60 - L/R Side Taps under 60 seconds"
    }
  },
  {
    "model": "member.badgemedia",
    "pk": 1,
    "fields": {
      "badgeId": 1,
      "pageUrl": "pdf/firsttouch-bronze-assessment.pdf",
      "description": "First Touch Bronze Assessment",
      "mediaType": "PDF"
    }
  },
  {
    "model": "member.badgemedia",
    "pk": 2,
    "fields": {
      "badgeId": 1,
      "pageUrl": "https://www.youtube.com/watch?v=T0zWQzxlyLk",
      "description": "First Touch I",
      "mediaType": "VIDEO"
    }
  },
  {
    "model": "member.badgemedia",
    "pk": 4,
    "fields": {
      "badgeId": 8,
      "pageUrl": "pdf/passing-silver-assessment.pdf",
      "description": "Passing Silver Assessment",
      "mediaType": "PDF"
    }
  },
  {
    "model": "member.badgemedia",
    "pk": 5,
    "fields": {
      "badgeId": 2,
      "pageUrl": "https://www.youtube.com/watch?v=2BCOBXOyO-o",
      "description": "First Touch II",
      "mediaType": "VIDEO"
    }
  },
  {
    "model": "member.badgemedia",
    "pk": 6,
    "fields": {
      "badgeId": 3,
      "pageUrl": "https://www.youtube.com/watch?v=DbFDh79UwNY",
      "description": "First Touch III ",
      "mediaType": "VIDEO"
    }
  },
  {
    "model": "member.badgemedia",
    "pk": 7,
    "fields": {
      "badgeId": 2,
      "pageUrl": "https://www.youtube.com/watch?v=vocSBiZjlRA",
      "description": "First Touch Silver Demo",
      "mediaType": "VIDEO"
    }
  },
  {
    "model": "member.badgemedia",
    "pk": 8,
    "fields": {
      "badgeId": 2,
      "pageUrl": "pdf/firsttouch-silver-assessment.pdf",
      "description": "First Touch Silver Assessment",
      "mediaType": "PDF"
    }
  },
  {
    "model": "member.badgemedia",
    "pk": 9,
    "fields": {
      "badgeId": 7,
      "pageUrl": "pdf/passing-bronze-assessment.pdf",
      "description": "Passing Bronze Assessment  ",
      "mediaType": "PDF"
    }
  },
  {
    "model": "member.badgemedia",
    "pk": 10,
    "fields": {
      "badgeId": 8,
      "pageUrl": "https://www.youtube.com/watch?v=xvaD2AamMpU",
      "description": "Passing Quick Drills",
      "mediaType": "VIDEO"
    }
  },
  {
    "model": "member.badgemedia",
    "pk": 11,
    "fields": {
      "badgeId": 10,
      "pageUrl": "https://www.youtube.com/watch?v=tcoRi1OxFmo",
      "description": "Shooting Drills",
      "mediaType": "VIDEO"
    }
  },
  {
    "model": "member.badgemedia",
    "pk": 12,
    "fields": {
      "badgeId": 4,
      "pageUrl": "https://www.sportsessionplanner.com/s/SX3S/Goalkeeping---Decision-of-Techniques-(Scoop-Cup-W).html",
      "description": "Goalkeeping Basics (Scoop, W & Cup)",
      "mediaType": "HREF"
    }
  },
  {
    "model": "member.badgemedia",
    "pk": 13,
    "fields": {
      "badgeId": 4,
      "pageUrl": "pdf/goalkeeping-bronze-assessment.pdf",
      "description": "Goalkeeping Bronze Assessment",
      "mediaType": "PDF"
    }
  },
  {
    "model": "member.badgemedia",
    "pk": 14,
    "fields": {
      "badgeId": 4,
      "pageUrl": "http://www.seriousgoalkeeping.net/Techniques/GoalkeeperTechniquesReadyPositions.aspx",
      "description": "Goalkeeping Hand Positions",
      "mediaType": "HREF"
    }
  },
  {
    "model": "member.badgemedia",
    "pk": 15,
    "fields": {
      "badgeId": 7,
      "pageUrl": "https://www.youtube.com/watch?v=pRZ-2MOEivM",
      "description": "Passing Drills I",
      "mediaType": "VIDEO"
    }
  },
  {
    "model": "member.badgemedia",
    "pk": 16,
    "fields": {
      "badgeId": 7,
      "pageUrl": "https://www.youtube.com/watch?v=Sm-u_ESEmjE",
      "description": "Passing Technique I",
      "mediaType": "VIDEO"
    }
  },
  {
    "model": "member.badgemedia",
    "pk": 17,
    "fields": {
      "badgeId": 11,
      "pageUrl": "https://www.youtube.com/watch?v=Nxr9Pev3e_0",
      "description": "Kickups I",
      "mediaType": "VIDEO"
    }
  },
  {
    "model": "member.badgemedia",
    "pk": 18,
    "fields": {
      "badgeId": 12,
      "pageUrl": "https://www.youtube.com/watch?v=MBiUt_DRSu0",
      "description": "Kickups II",
      "mediaType": "VIDEO"
    }
  },
  {
    "model": "member.badgemedia",
    "pk": 19,
    "fields": {
      "badgeId": 13,
      "pageUrl": "https://www.youtube.com/watch?v=rc2R4X1427s",
      "description": "Kickups III",
      "mediaType": "VIDEO"
    }
  },
  {
    "model": "member.badgemedia",
    "pk": 20,
    "fields": {
      "badgeId": 14,
      "pageUrl": "https://www.youtube.com/watch?v=2e0TwCa-jXU",
      "description": "ToeTaps Tops",
      "mediaType": "VIDEO"
    }
  },
  {
    "model": "member.badgemedia",
    "pk": 21,
    "fields": {
      "badgeId": 15,
      "pageUrl": "https://www.youtube.com/watch?v=07lrS7lcm1E",
      "description": "ToeTaps Side",
      "mediaType": "VIDEO"
    }
  },
  {
    "model": "member.badgemedia",
    "pk": 22,
    "fields": {
      "badgeId": 16,
      "pageUrl": "https://www.youtube.com/watch?v=KAHzxiYPIPU",
      "description": "ToeTaps Advanced",
      "mediaType": "VIDEO"
    }
  },
  {
    "model": "member.badgemedia",
    "pk": 23,
    "fields": {
      "badgeId": 17,
      "pageUrl": "https://www.youtube.com/watch?v=zVEeum8wA6U",
      "description": "Cryuff Turn Technique",
      "mediaType": "VIDEO"
    }
  },
  {
    "model": "member.badgemedia",
    "pk": 24,
    "fields": {
      "badgeId": 17,
      "pageUrl": "https://www.youtube.com/watch?v=cYNfy1fIA5w",
      "description": "Cryuff Turn Examples",
      "mediaType": "VIDEO"
    }
  },
  {
    "model": "member.badgemedia",
    "pk": 25,
    "fields": {
      "badgeId": 22,
      "pageUrl": "https://www.youtube.com/watch?v=YwPqQWij1aQ",
      "description": "Zidane Turn Examples",
      "mediaType": "VIDEO"
    }
  },
  {
    "model": "member.badgemedia",
    "pk": 26,
    "fields": {
      "badgeId": 22,
      "pageUrl": "https://www.youtube.com/watch?v=zVEeum8wA6U",
      "description": "Zidane Turn Technique",
      "mediaType": "VIDEO"
    }
  },
  {
    "model": "member.badgemedia",
    "pk": 27,
    "fields": {
      "badgeId": 18,
      "pageUrl": "https://www.youtube.com/watch?v=YpuAC0whCY4",
      "description": "Drag Back Turn Technique",
      "mediaType": "VIDEO"
    }
  },
  {
    "model": "member.badgemedia",
    "pk": 28,
    "fields": {
      "badgeId": 19,
      "pageUrl": "https://www.youtube.com/watch?v=Gms0BBPdGiY",
      "description": "Hook Turns Technique",
      "mediaType": "VIDEO"
    }
  },
  {
    "model": "member.badgemedia",
    "pk": 29,
    "fields": {
      "badgeId": 20,
      "pageUrl": "https://www.youtube.com/watch?v=t5TDr1lfh8g",
      "description": "Ronaldo Chop Technique",
      "mediaType": "VIDEO"
    }
  },
  {
    "model": "member.badgemedia",
    "pk": 30,
    "fields": {
      "badgeId": 21,
      "pageUrl": "https://www.youtube.com/watch?v=Z2XcxeCE-1M",
      "description": "Step Over Turn Technique",
      "mediaType": "VIDEO"
    }
  },
  {
    "model": "member.badgemedia",
    "pk": 31,
    "fields": {
      "badgeId": 35,
      "pageUrl": "https://www.youtube.com/watch?v=ZnjJpa1LBOY",
      "description": "Leadership Cartoons",
      "mediaType": "VIDEO"
    }
  },
  {
    "model": "member.badgemedia",
    "pk": 32,
    "fields": {
      "badgeId": 36,
      "pageUrl": "https://www.youtube.com/watch?v=SHsN8j7HRm4",
      "description": "Crossing I",
      "mediaType": "VIDEO"
    }
  },
  {
    "model": "member.badgemedia",
    "pk": 33,
    "fields": {
      "badgeId": 36,
      "pageUrl": "https://www.youtube.com/watch?v=1VdyP_V8aTc",
      "description": "Crossing II",
      "mediaType": "VIDEO"
    }
  },
  {
    "model": "member.badgemedia",
    "pk": 34,
    "fields": {
      "badgeId": 35,
      "pageUrl": "pdf/leadership-warmup-drills.pdf",
      "description": "Leadership Warm up Drills",
      "mediaType": "PDF"
    }
  },
  {
    "model": "member.coachinstuction",
    "pk": 1,
    "fields": {
      "badgeName": "kickups",
      "tipType": "I",
      "description": "Kickups gives you a good first touch"
    }
  },
  {
    "model": "member.coachinstuction",
    "pk": 2,
    "fields": {
      "badgeName": "kickups",
      "tipType": "T",
      "description": "Start throw and catch"
    }
  },
  {
    "model": "member.coachinstuction",
    "pk": 4,
    "fields": {
      "badgeName": "kickups",
      "tipType": "T",
      "description": "Keep your eyes on the ball"
    }
  },
  {
    "model": "member.coachinstuction",
    "pk": 5,
    "fields": {
      "badgeName": "kickups",
      "tipType": "T",
      "description": "Stay on your toes"
    }
  },
  {
    "model": "member.coachinstuction",
    "pk": 6,
    "fields": {
      "badgeName": "kickups",
      "tipType": "T",
      "description": "Keep it slow"
    }
  },
  {
    "model": "member.coachinstuction",
    "pk": 7,
    "fields": {
      "badgeName": "kickups",
      "tipType": "W",
      "description": "Dont kick it too hard"
    }
  },
  {
    "model": "member.coachinstuction",
    "pk": 8,
    "fields": {
      "badgeName": "kickups",
      "tipType": "W",
      "description": "Dont lean too far back"
    }
  },
  {
    "model": "member.coachinstuction",
    "pk": 9,
    "fields": {
      "badgeName": "kickups",
      "tipType": "T",
      "description": "Toes Pointing Upwards"
    }
  },
  {
    "model": "member.coachinstuction",
    "pk": 10,
    "fields": {
      "badgeName": "firsttouch",
      "tipType": "T",
      "description": "Play on your toes to help reactions"
    }
  },
  {
    "model": "member.coachinstuction",
    "pk": 11,
    "fields": {
      "badgeName": "kickups",
      "tipType": "I",
      "description": "Singles kick and catch"
    }
  },
  {
    "model": "member.coachinstuction",
    "pk": 12,
    "fields": {
      "badgeName": "kickups",
      "tipType": "I",
      "description": "Use both feet"
    }
  },
  {
    "model": "member.coachinstuction",
    "pk": 13,
    "fields": {
      "badgeName": "kickups",
      "tipType": "I",
      "description": "Try bounce kickups - 1 bounce / 1 kick / 1 bounce"
    }
  },
  {
    "model": "member.coachinstuction",
    "pk": 14,
    "fields": {
      "badgeName": "kickups",
      "tipType": "I",
      "description": "Increase to two kicks then catch so you can do it consistently"
    }
  },
  {
    "model": "member.coachinstuction",
    "pk": 15,
    "fields": {
      "badgeName": "kickups",
      "tipType": "I",
      "description": "Keep increasing as your confidence grows"
    }
  },
  {
    "model": "member.coachinstuction",
    "pk": 16,
    "fields": {
      "badgeName": "kickups",
      "tipType": "I",
      "description": "Use different body parts"
    }
  },
  {
    "model": "member.coachinstuction",
    "pk": 17,
    "fields": {
      "badgeName": "toetaps",
      "tipType": "I",
      "description": "Start with strong foot rolling the ball"
    }
  },
  {
    "model": "member.coachinstuction",
    "pk": 18,
    "fields": {
      "badgeName": "toetaps",
      "tipType": "I",
      "description": "Use both feet slowly manipulate the ball"
    }
  },
  {
    "model": "member.coachinstuction",
    "pk": 19,
    "fields": {
      "badgeName": "toetaps",
      "tipType": "I",
      "description": "Change direction keeping the ball controlled"
    }
  },
  {
    "model": "member.coachinstuction",
    "pk": 20,
    "fields": {
      "badgeName": "toetaps",
      "tipType": "I",
      "description": "Freestyle Skills"
    }
  },
  {
    "model": "member.coachinstuction",
    "pk": 21,
    "fields": {
      "badgeName": "toetaps",
      "tipType": "T",
      "description": "Start Slow"
    }
  },
  {
    "model": "member.coachinstuction",
    "pk": 22,
    "fields": {
      "badgeName": "toetaps",
      "tipType": "T",
      "description": "Keep the ball under control"
    }
  },
  {
    "model": "member.coachinstuction",
    "pk": 23,
    "fields": {
      "badgeName": "toetaps",
      "tipType": "T",
      "description": "Lift your knees properly"
    }
  },
  {
    "model": "member.coachinstuction",
    "pk": 24,
    "fields": {
      "badgeName": "firsttouch",
      "tipType": "I",
      "description": "Comfortable receiving the ball in tight areas"
    }
  },
  {
    "model": "member.coachinstuction",
    "pk": 25,
    "fields": {
      "badgeName": "firsttouch",
      "tipType": "I",
      "description": "Comfortable playing with both feet"
    }
  },
  {
    "model": "member.coachinstuction",
    "pk": 26,
    "fields": {
      "badgeName": "firsttouch",
      "tipType": "I",
      "description": "A good first touch gives you more time"
    }
  },
  {
    "model": "member.coachinstuction",
    "pk": 27,
    "fields": {
      "badgeName": "firsttouch",
      "tipType": "I",
      "description": "Can use any body part to control"
    }
  },
  {
    "model": "member.coachinstuction",
    "pk": 28,
    "fields": {
      "badgeName": "firsttouch",
      "tipType": "T",
      "description": "Use the nearest body part to control the ball"
    }
  },
  {
    "model": "member.coachinstuction",
    "pk": 29,
    "fields": {
      "badgeName": "firsttouch",
      "tipType": "W",
      "description": "Don't just use your strong foot"
    }
  },
  {
    "model": "member.coachinstuction",
    "pk": 30,
    "fields": {
      "badgeName": "firsttouch",
      "tipType": "T",
      "description": "Keep your eyes on the ball -  Observation"
    }
  },
  {
    "model": "member.coachinstuction",
    "pk": 31,
    "fields": {
      "badgeName": "firsttouch",
      "tipType": "T",
      "description": "First touch should place the ball ready for the next movement"
    }
  },
  {
    "model": "member.coachinstuction",
    "pk": 32,
    "fields": {
      "badgeName": "goalkeeper",
      "tipType": "I",
      "description": "Use stong technique to collect the ball (Scoop, W and Cup)"
    }
  },
  {
    "model": "member.coachinstuction",
    "pk": 33,
    "fields": {
      "badgeName": "goalkeeper",
      "tipType": "T",
      "description": "Always be on your toes to support you reactions"
    }
  },
  {
    "model": "member.coachinstuction",
    "pk": 34,
    "fields": {
      "badgeName": "goalkeeper",
      "tipType": "I",
      "description": "Use good footwork to narrow the angles of the shot (ABC's)"
    }
  },
  {
    "model": "member.coachinstuction",
    "pk": 35,
    "fields": {
      "badgeName": "goalkeeper",
      "tipType": "I",
      "description": "Good pass distribution using hands and feet (off the floor and out of hands) "
    }
  },
  {
    "model": "member.coachinstuction",
    "pk": 36,
    "fields": {
      "badgeName": "goalkeeper",
      "tipType": "I",
      "description": "Make good decisions about your positioning"
    }
  },
  {
    "model": "member.coachinstuction",
    "pk": 37,
    "fields": {
      "badgeName": "goalkeeper",
      "tipType": "T",
      "description": "Your hands should be in the correct positons"
    }
  },
  {
    "model": "member.coachinstuction",
    "pk": 38,
    "fields": {
      "badgeName": "toetaps",
      "tipType": "T",
      "description": "Use different parts of the feet increasing speed and ball manipulations"
    }
  },
  {
    "model": "member.coachinstuction",
    "pk": 39,
    "fields": {
      "badgeName": "passing",
      "tipType": "T",
      "description": "For shorter passing use the inside of your foot for accuracy"
    }
  },
  {
    "model": "member.coachinstuction",
    "pk": 40,
    "fields": {
      "badgeName": "passing",
      "tipType": "T",
      "description": "Long passes should be driven through like a shot"
    }
  },
  {
    "model": "member.coachinstuction",
    "pk": 41,
    "fields": {
      "badgeName": "passing",
      "tipType": "W",
      "description": "Don't forget the follow through on your contact"
    }
  },
  {
    "model": "member.coachinstuction",
    "pk": 42,
    "fields": {
      "badgeName": "passing",
      "tipType": "T",
      "description": "Watch for your team mates movement and runs into space"
    }
  },
  {
    "model": "member.coachinstuction",
    "pk": 43,
    "fields": {
      "badgeName": "passing",
      "tipType": "T",
      "description": "Practice hard with both feet, playing with two feet will give you more time"
    }
  },
  {
    "model": "member.coachinstuction",
    "pk": 45,
    "fields": {
      "badgeName": "passing",
      "tipType": "I",
      "description": "In football possession of the ball is key"
    }
  },
  {
    "model": "member.coachinstuction",
    "pk": 46,
    "fields": {
      "badgeName": "passing",
      "tipType": "I",
      "description": "Keeping the ball in your team through passing is one of the most important skills"
    }
  },
  {
    "model": "member.coachinstuction",
    "pk": 47,
    "fields": {
      "badgeName": "passing",
      "tipType": "I",
      "description": "Players should have a good range of passing - Short and Long"
    }
  },
  {
    "model": "member.coachinstuction",
    "pk": 48,
    "fields": {
      "badgeName": "passing",
      "tipType": "I",
      "description": "Players should be able to pass with both feet"
    }
  },
  {
    "model": "member.coachinstuction",
    "pk": 49,
    "fields": {
      "badgeName": "passing",
      "tipType": "I",
      "description": "Inside, Outside, Heel and Laces are all options for passing"
    }
  },
  {
    "model": "auth.user",
    "pk": 2,
    "fields": {
      "password": "pbkdf2_sha256$30000$3dFsVO8h5ywN$A1G65rzxrRyDvvv7wA21m1KzbE2GO0vbHZJsgRq83es=",
      "last_login": "2017-05-16T11:12:03.987Z",
      "is_superuser": true,
      "username": "imacdonald",
      "first_name": "",
      "last_name": "",
      "email": "iain.macdonald@williamhill.com",
      "is_staff": true,
      "is_active": true,
      "date_joined": "2017-04-24T23:02:17Z",
      "groups": [],
      "user_permissions": [
        1,
        2,
        3,
        10,
        11,
        12,
        4,
        5,
        6,
        7,
        8,
        9,
        13,
        14,
        15,
        28,
        29,
        30,
        31,
        32,
        33,
        25,
        26,
        27,
        37,
        38,
        39,
        22,
        23,
        24,
        19,
        20,
        21,
        40,
        41,
        42,
        16,
        17,
        18
      ]
    }
  },
  {
    "model": "auth.user",
    "pk": 3,
    "fields": {
      "password": "pbkdf2_sha256$30000$ZQZITrwSe2t7$QbXSIy2eleR+zv1FkhHQ4ilfk44wc/7sazxfeFRTqHk=",
      "last_login": "2017-05-27T22:03:44Z",
      "is_superuser": false,
      "username": "cmacdonald",
      "first_name": "",
      "last_name": "",
      "email": "cameronjamesmacdonald@gmail.com",
      "is_staff": false,
      "is_active": true,
      "date_joined": "2017-04-24T23:08:11Z",
      "groups": [],
      "user_permissions": []
    }
  },
  {
    "model": "auth.user",
    "pk": 4,
    "fields": {
      "password": "pbkdf2_sha256$30000$D1caGRj1D13b$vmVYB4+SCCkIczKW2IqmSlzFdiGsLOooY9lFRdWGpgQ=",
      "last_login": "2017-04-24T23:16:24.362Z",
      "is_superuser": true,
      "username": "administrator",
      "first_name": "",
      "last_name": "",
      "email": "iain.macdonald@williamhill.com",
      "is_staff": true,
      "is_active": true,
      "date_joined": "2017-04-24T23:16:07.604Z",
      "groups": [],
      "user_permissions": []
    }
  },
  {
    "model": "auth.user",
    "pk": 5,
    "fields": {
      "password": "pbkdf2_sha256$30000$kqt6TCSGIFiQ$M9TWCQwL3Jw/cmNaqLmgnH5awp6UfYMMKGbB+B5IYd8=",
      "last_login": "2017-04-25T05:13:54.431Z",
      "is_superuser": false,
      "username": "zrobbins",
      "first_name": "",
      "last_name": "",
      "email": "darren.robbins@yahoo.co.uk",
      "is_staff": false,
      "is_active": true,
      "date_joined": "2017-04-25T05:13:53.984Z",
      "groups": [],
      "user_permissions": []
    }
  },
  {
    "model": "auth.user",
    "pk": 6,
    "fields": {
      "password": "pbkdf2_sha256$30000$6Umd1BcsSrFe$cUsZVRV+taIQXXOopputhadqQ2m1jUkPaW8wmL1KYF0=",
      "last_login": "2017-04-25T05:22:42.045Z",
      "is_superuser": false,
      "username": "estokes",
      "first_name": "",
      "last_name": "",
      "email": "gareth.stokes@02.com",
      "is_staff": false,
      "is_active": true,
      "date_joined": "2017-04-25T05:22:41.654Z",
      "groups": [],
      "user_permissions": []
    }
  },
  {
    "model": "auth.user",
    "pk": 7,
    "fields": {
      "password": "pbkdf2_sha256$30000$lbwIhVJiKR4t$rbmkg0sHWQzCoKAI1oHrNaQFOxTtaAoqgFfyrKGjAwg=",
      "last_login": "2017-05-19T19:28:17.224Z",
      "is_superuser": false,
      "username": "scurran",
      "first_name": "",
      "last_name": "",
      "email": "paul.curran3@sky.com",
      "is_staff": false,
      "is_active": true,
      "date_joined": "2017-04-25T05:31:51.421Z",
      "groups": [],
      "user_permissions": []
    }
  },
  {
    "model": "auth.user",
    "pk": 9,
    "fields": {
      "password": "pbkdf2_sha256$30000$9sl5rYdaUUYW$uhyF5hUgm1UDd34T1Z4ymvvyctdh1m9oLCttG6x0SVk=",
      "last_login": "2017-04-26T07:08:52.155Z",
      "is_superuser": false,
      "username": "ukola",
      "first_name": "Umair",
      "last_name": "Kola",
      "email": "k7ola@yahoo.co.uk",
      "is_staff": false,
      "is_active": true,
      "date_joined": "2017-04-26T07:03:39Z",
      "groups": [],
      "user_permissions": []
    }
  },
  {
    "model": "auth.user",
    "pk": 10,
    "fields": {
      "password": "pbkdf2_sha256$30000$uvvCNVY9fcW0$O5DbS+YufD+AWJBr/pcEMn1nW+Q3POLUDDeLmrxEmoY=",
      "last_login": "2017-05-14T18:40:53.216Z",
      "is_superuser": false,
      "username": "Abarraclough",
      "first_name": "",
      "last_name": "",
      "email": "Melbarraclough1@gmail.com",
      "is_staff": false,
      "is_active": true,
      "date_joined": "2017-05-06T18:23:02.188Z",
      "groups": [],
      "user_permissions": []
    }
  },
  {
    "model": "auth.user",
    "pk": 11,
    "fields": {
      "password": "pbkdf2_sha256$30000$TSwMyfD7ownt$1mjmWW/ycs8tvigsbnGZoRJWnTsWsJPHbQ3boPzVgV4=",
      "last_login": "2017-05-09T06:24:31.477Z",
      "is_superuser": false,
      "username": "ehildon",
      "first_name": "",
      "last_name": "",
      "email": "jacqui_cotton@yahoo.co.uk",
      "is_staff": false,
      "is_active": true,
      "date_joined": "2017-05-08T19:12:23.705Z",
      "groups": [],
      "user_permissions": []
    }
  },
  {
    "model": "auth.user",
    "pk": 12,
    "fields": {
      "password": "pbkdf2_sha256$30000$gbef3UI25byj$D3ab5EpmFgV0jvmCobOcjvdUJce3KwvD4InOlKjIjlU=",
      "last_login": "2017-05-10T20:15:35.085Z",
      "is_superuser": false,
      "username": "sboodhoo",
      "first_name": "",
      "last_name": "",
      "email": "soniaboodhoo@live.com",
      "is_staff": false,
      "is_active": true,
      "date_joined": "2017-05-10T20:15:34.289Z",
      "groups": [],
      "user_permissions": []
    }
  },
  {
    "model": "auth.user",
    "pk": 14,
    "fields": {
      "password": "pbkdf2_sha256$30000$6QS7Fhc5Wris$mYEwfkFB8jctHM6CAdTs8N3wmyxWfL3lwMTkY0jdgIA=",
      "last_login": "2017-05-15T16:58:11.902Z",
      "is_superuser": false,
      "username": "Zacjones",
      "first_name": "",
      "last_name": "",
      "email": "gemma_jones2@sky.com",
      "is_staff": false,
      "is_active": true,
      "date_joined": "2017-05-15T16:58:11.356Z",
      "groups": [],
      "user_permissions": []
    }
  },
  {
    "model": "auth.user",
    "pk": 15,
    "fields": {
      "password": "pbkdf2_sha256$30000$Pk0bxzYN54Gh$FnhbJrytUUuNxPcG//g21ggBGx1Z/a+1OnUnH49vZb8=",
      "last_login": "2017-05-19T20:48:10.332Z",
      "is_superuser": false,
      "username": "OBooth",
      "first_name": "",
      "last_name": "",
      "email": "jskitt@sky.com",
      "is_staff": false,
      "is_active": true,
      "date_joined": "2017-05-17T20:46:38.835Z",
      "groups": [],
      "user_permissions": []
    }
  },
  {
    "model": "auth.user",
    "pk": 16,
    "fields": {
      "password": "pbkdf2_sha256$30000$LXs61osJbpsm$Mwyvsk+QcOfm2WQIjSvKeya1Cv0RR0DIqWWFTCsptLY=",
      "last_login": "2017-05-23T18:52:15.068Z",
      "is_superuser": false,
      "username": "Thomas_09_Lomax",
      "first_name": "",
      "last_name": "",
      "email": "andrew.lomax@hotmail.co.uk",
      "is_staff": false,
      "is_active": true,
      "date_joined": "2017-05-23T18:50:38.104Z",
      "groups": [],
      "user_permissions": []
    }
  },
  {
    "model": "auth.user",
    "pk": 17,
    "fields": {
      "password": "pbkdf2_sha256$30000$IBwLqTsS3WFX$r62dC47OiUfBgwsekwPM1GV3cR2lLyI2RguRQtGSV2Q=",
      "last_login": "2017-05-27T06:53:28.555Z",
      "is_superuser": false,
      "username": "Foster.E.1109",
      "first_name": "",
      "last_name": "",
      "email": "foster.l5@sky.com",
      "is_staff": false,
      "is_active": true,
      "date_joined": "2017-05-27T06:53:28.200Z",
      "groups": [],
      "user_permissions": []
    }
  },
  {
    "model": "auth.user",
    "pk": 18,
    "fields": {
      "password": "pbkdf2_sha256$30000$SWd3STbATWxT$PyvIlv2sSx2/TtZsMzvE88r540uRcxd8V+oXw3iufxw=",
      "last_login": "2017-05-27T22:32:01.801Z",
      "is_superuser": false,
      "username": "Ruthnben",
      "first_name": "",
      "last_name": "",
      "email": "ruthnben@sky.com",
      "is_staff": false,
      "is_active": true,
      "date_joined": "2017-05-27T06:56:47.755Z",
      "groups": [],
      "user_permissions": []
    }
  },
  {
    "model": "auth.user",
    "pk": 19,
    "fields": {
      "password": "pbkdf2_sha256$30000$8PrwxzKylvzL$YFpRASszJNIWO38l0ZNyJjNaB0y+BCcYXbt6tbLlD7s=",
      "last_login": "2017-05-27T07:02:18.737Z",
      "is_superuser": false,
      "username": "Gstokes82",
      "first_name": "",
      "last_name": "",
      "email": "gareth.stokes@o2.com",
      "is_staff": false,
      "is_active": true,
      "date_joined": "2017-05-27T07:02:18.168Z",
      "groups": [],
      "user_permissions": []
    }
  },
  {
    "model": "auth.user",
    "pk": 20,
    "fields": {
      "password": "pbkdf2_sha256$30000$CcgS36fbWRoV$r1n55OneVkSRq2fQbPcBgVwrgaciRPqCdQ7kwLwn8ec=",
      "last_login": "2017-05-28T07:16:34.583Z",
      "is_superuser": true,
      "username": "super",
      "first_name": "",
      "last_name": "",
      "email": "",
      "is_staff": true,
      "is_active": true,
      "date_joined": "2017-05-27T16:22:45.744Z",
      "groups": [],
      "user_permissions": []
    }
  },
  {
    "model": "auth.user",
    "pk": 21,
    "fields": {
      "password": "pbkdf2_sha256$30000$Ku1DIFj8jGza$OfpSKgGCLBjdo0iCEEXHEIq97bX3OXoNvxdKUu1tadc=",
      "last_login": "2017-05-27T22:39:05.579Z",
      "is_superuser": false,
      "username": "Tylerwynn",
      "first_name": "",
      "last_name": "",
      "email": "ultimatecollectsbles@hotmail.co.uk",
      "is_staff": false,
      "is_active": true,
      "date_joined": "2017-05-27T22:39:05.156Z",
      "groups": [],
      "user_permissions": []
    }
  },
  {
    "model": "member.usermember",
    "pk": 1,
    "fields": {
      "user": 5,
      "managerId": 1,
      "gender": "M",
      "full_name": "Zach Robbins",
      "favourite_player": "Messi",
      "favourite_team": "Leeds United",
      "birthdate": "2009-01-04",
      "slug": "zach-robbins",
      "consent": true
    }
  },
  {
    "model": "member.usermember",
    "pk": 2,
    "fields": {
      "user": 6,
      "managerId": 1,
      "gender": "M",
      "full_name": "Evan Stokes",
      "favourite_player": "Ronaldo",
      "favourite_team": "Leeds United",
      "birthdate": "2009-04-27",
      "slug": "evan-stokes",
      "consent": true
    }
  },
  {
    "model": "member.usermember",
    "pk": 3,
    "fields": {
      "user": 9,
      "managerId": 1,
      "gender": "M",
      "full_name": "Umair Kola",
      "favourite_player": "Messi",
      "favourite_team": "Manchester United",
      "birthdate": "2017-04-26",
      "slug": "umair-kola",
      "consent": true
    }
  },
  {
    "model": "member.usermember",
    "pk": 4,
    "fields": {
      "user": 10,
      "managerId": 1,
      "gender": "M",
      "full_name": "Alfie barraclough",
      "favourite_player": "Pele",
      "favourite_team": "Real madrid",
      "birthdate": "2009-05-12",
      "slug": "alfie-barraclough",
      "consent": true
    }
  },
  {
    "model": "member.usermember",
    "pk": 5,
    "fields": {
      "user": 11,
      "managerId": 1,
      "gender": "M",
      "full_name": "Eddie Hildon",
      "favourite_player": "Romelu Lukaku",
      "favourite_team": "Everton",
      "birthdate": "2009-04-04",
      "slug": "eddie-hildon",
      "consent": true
    }
  },
  {
    "model": "member.usermember",
    "pk": 6,
    "fields": {
      "user": 12,
      "managerId": 1,
      "gender": "M",
      "full_name": "Sidhish Boodhoo",
      "favourite_player": "Sergio Ag\u00fcero",
      "favourite_team": "FC Bayern Munich",
      "birthdate": "2009-01-20",
      "slug": "sidhish-boodhoo",
      "consent": true
    }
  },
  {
    "model": "member.usermember",
    "pk": 8,
    "fields": {
      "user": 14,
      "managerId": 1,
      "gender": "M",
      "full_name": "Zac Martyn Jones",
      "favourite_player": "Harry Kane",
      "favourite_team": "Leeds",
      "birthdate": "2009-05-01",
      "slug": "zac-martyn-jones",
      "consent": true
    }
  },
  {
    "model": "member.usermember",
    "pk": 9,
    "fields": {
      "user": 15,
      "managerId": 1,
      "gender": "M",
      "full_name": "Oscar Booth",
      "favourite_player": "Adam Lallana",
      "favourite_team": "Liverpool",
      "birthdate": "2009-07-08",
      "slug": "oscar-booth",
      "consent": true
    }
  },
  {
    "model": "member.usermember",
    "pk": 10,
    "fields": {
      "user": 17,
      "managerId": 1,
      "gender": "F",
      "full_name": "Ellie Foster",
      "favourite_player": "Lucy Bronze",
      "favourite_team": "Manchester City ladies",
      "birthdate": "2008-09-11",
      "slug": "ellie-foster",
      "consent": true
    }
  },
  {
    "model": "member.usermember",
    "pk": 11,
    "fields": {
      "user": 18,
      "managerId": 1,
      "gender": "F",
      "full_name": "Grace Stott",
      "favourite_player": "Isahiah brown",
      "favourite_team": "Huddersfield town",
      "birthdate": "2009-03-31",
      "slug": "grace-stott",
      "consent": true
    }
  },
  {
    "model": "member.usermember",
    "pk": 12,
    "fields": {
      "user": 3,
      "managerId": 1,
      "gender": "M",
      "full_name": "Cameron Madonald",
      "favourite_player": "Chris Wood",
      "favourite_team": "Leeds United",
      "birthdate": "2009-07-08",
      "slug": "cameron-madonald",
      "consent": true
    }
  },
  {
    "model": "member.badgeawards",
    "pk": 11,
    "fields": {
      "userId": 3,
      "badgeId": 14,
      "dateAwarded": "2017-05-27",
      "score": "120.00",
      "comments": "Completed in Training"
    }
  },
  {
    "model": "member.badgeawards",
    "pk": 12,
    "fields": {
      "userId": 7,
      "badgeId": 14,
      "dateAwarded": "2017-05-27",
      "score": "45.00",
      "comments": "Completed in Training"
    }
  },
  {
    "model": "member.badgeawards",
    "pk": 13,
    "fields": {
      "userId": 17,
      "badgeId": 14,
      "dateAwarded": "2017-05-27",
      "score": "120.00",
      "comments": "Completed in Training - Side Taps"
    }
  },
  {
    "model": "member.badgeawards",
    "pk": 14,
    "fields": {
      "userId": 19,
      "badgeId": 14,
      "dateAwarded": "2017-05-27",
      "score": "140.00",
      "comments": "Completed in Training - Side Taps"
    }
  },
  {
    "model": "member.badgeawards",
    "pk": 15,
    "fields": {
      "userId": 21,
      "badgeId": 14,
      "dateAwarded": "2017-05-27",
      "score": "35.00",
      "comments": "Awarded in Training"
    }
  }
]