[
  {
    "model": "contenttypes.contenttype",
    "pk": 1,
    "fields": {
      "app_label": "admin",
      "model": "logentry"
    }
  },
  {
    "model": "contenttypes.contenttype",
    "pk": 2,
    "fields": {
      "app_label": "auth",
      "model": "permission"
    }
  },
  {
    "model": "contenttypes.contenttype",
    "pk": 3,
    "fields": {
      "app_label": "auth",
      "model": "user"
    }
  },
  {
    "model": "contenttypes.contenttype",
    "pk": 4,
    "fields": {
      "app_label": "auth",
      "model": "group"
    }
  },
  {
    "model": "contenttypes.contenttype",
    "pk": 5,
    "fields": {
      "app_label": "contenttypes",
      "model": "contenttype"
    }
  },
  {
    "model": "contenttypes.contenttype",
    "pk": 6,
    "fields": {
      "app_label": "sessions",
      "model": "session"
    }
  },
  {
    "model": "contenttypes.contenttype",
    "pk": 7,
    "fields": {
      "app_label": "member",
      "model": "usermember"
    }
  },
  {
    "model": "contenttypes.contenttype",
    "pk": 8,
    "fields": {
      "app_label": "member",
      "model": "contact"
    }
  },
  {
    "model": "contenttypes.contenttype",
    "pk": 9,
    "fields": {
      "app_label": "member",
      "model": "badges"
    }
  },
  {
    "model": "contenttypes.contenttype",
    "pk": 10,
    "fields": {
      "app_label": "member",
      "model": "badgeassesments"
    }
  },
  {
    "model": "contenttypes.contenttype",
    "pk": 11,
    "fields": {
      "app_label": "member",
      "model": "badgeawards"
    }
  },
  {
    "model": "contenttypes.contenttype",
    "pk": 13,
    "fields": {
      "app_label": "member",
      "model": "coachinstuction"
    }
  },
  {
    "model": "contenttypes.contenttype",
    "pk": 14,
    "fields": {
      "app_label": "registration",
      "model": "registrationprofile"
    }
  },
  {
    "model": "contenttypes.contenttype",
    "pk": 15,
    "fields": {
      "app_label": "member",
      "model": "badgemedia"
    }
  },
  {
    "model": "contenttypes.contenttype",
    "pk": 16,
    "fields": {
      "app_label": "member",
      "model": "teammanagers"
    }
  },
  {
    "model": "sessions.session",
    "pk": "0yblg6ee5l9wqnqpk8xjfq6wccly5cui",
    "fields": {
      "session_data": "Zjk4MTVjMTlhMWQ1MmFiZDVlMGRkM2ViZWE3Y2RiZDBjMGYwOGVkMDp7Il9hdXRoX3VzZXJfaGFzaCI6ImZmOWIzZTM0MWUxYzUwNmVhNDU3NjJhNDhhNWZhYTdmNDlhMzY1ZWUiLCJfYXV0aF91c2VyX2JhY2tlbmQiOiJkamFuZ28uY29udHJpYi5hdXRoLmJhY2tlbmRzLk1vZGVsQmFja2VuZCIsIl9hdXRoX3VzZXJfaWQiOiIxNSJ9",
      "expire_date": "2017-09-02T08:08:04.790Z"
    }
  },
  {
    "model": "sessions.session",
    "pk": "1lks0yyoob4q0dwjri060qc5tpp043rh",
    "fields": {
      "session_data": "Nzg4NDUyN2QxNTMzZjcxNjFjMzQyZjFmMGEzMGFiYzRlNWU4ZGUxZTp7Il9hdXRoX3VzZXJfaGFzaCI6IjdjYWMwZWEzNzE5MjZhMTkzYjRlMGI3ZDgzMzA2NGYzMDhmOTc1MjMiLCJfYXV0aF91c2VyX2JhY2tlbmQiOiJkamFuZ28uY29udHJpYi5hdXRoLmJhY2tlbmRzLk1vZGVsQmFja2VuZCIsIl9hdXRoX3VzZXJfaWQiOiIzIn0=",
      "expire_date": "2017-10-22T07:44:04.549Z"
    }
  },
  {
    "model": "sessions.session",
    "pk": "1teqe8y5ytn55bhmmwy9d3jqqbflo0zv",
    "fields": {
      "session_data": "ZGU3MjYxYWY4NWYxZDYxZWY5YzdlNjc1Y2E5MGQ3ZGZmZjFjY2E0Mjp7Il9hdXRoX3VzZXJfaGFzaCI6IjRjMTFiMjg3ZGI4ZjRmNWNjZTdkZjBkNmE2NTQyODJlZDRjOTAyZjIiLCJfYXV0aF91c2VyX2JhY2tlbmQiOiJkamFuZ28uY29udHJpYi5hdXRoLmJhY2tlbmRzLk1vZGVsQmFja2VuZCIsIl9hdXRoX3VzZXJfaWQiOiIxNiJ9",
      "expire_date": "2017-06-06T18:52:15.080Z"
    }
  },
  {
    "model": "sessions.session",
    "pk": "2gpkey3dbx7qhikhsjqqyw7u84kjuh4m",
    "fields": {
      "session_data": "ZWRlMWZlNzA2MjZmM2U2YWRiZWJiNDAzZmMzM2FiNWE4NmY1ZWZjNDp7Il9hdXRoX3VzZXJfaGFzaCI6ImJlMmQyM2FkYWExMmM3ZTA1ZDg0OTUxNTQ3ZjQ1Y2RhODUxYjg4YmQiLCJfYXV0aF91c2VyX2JhY2tlbmQiOiJkamFuZ28uY29udHJpYi5hdXRoLmJhY2tlbmRzLk1vZGVsQmFja2VuZCIsIl9hdXRoX3VzZXJfaWQiOiIyIn0=",
      "expire_date": "2017-10-06T19:58:22.101Z"
    }
  },
  {
    "model": "sessions.session",
    "pk": "2hkxnmwnc1659zri6s56f9cu2vhn7mam",
    "fields": {
      "session_data": "ZmQ5Y2RmODJlMTUwYTAxZjdmNmY0NDRlMjc5NjU1ZmExN2U5NzlmMDp7Il9hdXRoX3VzZXJfaGFzaCI6ImI2MjM2YTUzZDA5YmEwZGQyOTFhN2JlZTZmOTNlMGFmNGI4NWY4ZGQiLCJfYXV0aF91c2VyX2JhY2tlbmQiOiJkamFuZ28uY29udHJpYi5hdXRoLmJhY2tlbmRzLk1vZGVsQmFja2VuZCIsIl9hdXRoX3VzZXJfaWQiOiI5In0=",
      "expire_date": "2017-05-10T07:08:52.162Z"
    }
  },
  {
    "model": "sessions.session",
    "pk": "2ubcunoeqbw9r18s8kw95v86ybfg2dpi",
    "fields": {
      "session_data": "Nzg4NDUyN2QxNTMzZjcxNjFjMzQyZjFmMGEzMGFiYzRlNWU4ZGUxZTp7Il9hdXRoX3VzZXJfaGFzaCI6IjdjYWMwZWEzNzE5MjZhMTkzYjRlMGI3ZDgzMzA2NGYzMDhmOTc1MjMiLCJfYXV0aF91c2VyX2JhY2tlbmQiOiJkamFuZ28uY29udHJpYi5hdXRoLmJhY2tlbmRzLk1vZGVsQmFja2VuZCIsIl9hdXRoX3VzZXJfaWQiOiIzIn0=",
      "expire_date": "2017-05-09T04:44:17.537Z"
    }
  },
  {
    "model": "sessions.session",
    "pk": "30u97b9l79hngqn6k0np83oqlfhp4ltg",
    "fields": {
      "session_data": "ZTRkMGMxYTYxMDRkNDI5ZmE1YjAzNmUwNjM1MjZlMjgwYjRmMWRmMzp7Il9hdXRoX3VzZXJfaGFzaCI6IjdiZTE1NTQ2NDkwNGU5NDdkMjE0YWJiNmQ3ZGFmOWFlOTg2NTAzZjEiLCJfYXV0aF91c2VyX2JhY2tlbmQiOiJkamFuZ28uY29udHJpYi5hdXRoLmJhY2tlbmRzLk1vZGVsQmFja2VuZCIsIl9hdXRoX3VzZXJfaWQiOiIyMyJ9",
      "expire_date": "2017-10-08T15:13:21.638Z"
    }
  },
  {
    "model": "sessions.session",
    "pk": "36w3932yuburb5n4wue48oe8er9x3pka",
    "fields": {
      "session_data": "Nzg4NDUyN2QxNTMzZjcxNjFjMzQyZjFmMGEzMGFiYzRlNWU4ZGUxZTp7Il9hdXRoX3VzZXJfaGFzaCI6IjdjYWMwZWEzNzE5MjZhMTkzYjRlMGI3ZDgzMzA2NGYzMDhmOTc1MjMiLCJfYXV0aF91c2VyX2JhY2tlbmQiOiJkamFuZ28uY29udHJpYi5hdXRoLmJhY2tlbmRzLk1vZGVsQmFja2VuZCIsIl9hdXRoX3VzZXJfaWQiOiIzIn0=",
      "expire_date": "2017-08-03T10:17:51.723Z"
    }
  },
  {
    "model": "sessions.session",
    "pk": "3u5fd3c61lsyqmtrnj2pxyw8e2el7c53",
    "fields": {
      "session_data": "MjVlNmY5OGI3MzNkZGI1OGI1YWYyMDQyOTE5ZTJlY2VjY2MwYTE5ZDp7Il9hdXRoX3VzZXJfaGFzaCI6IjkxZjAxNzM0N2Y3NTg1Mzg5YjYxODI4MmI1YmQ0MGRjODAxMTI0YjkiLCJfYXV0aF91c2VyX2JhY2tlbmQiOiJkamFuZ28uY29udHJpYi5hdXRoLmJhY2tlbmRzLk1vZGVsQmFja2VuZCIsIl9hdXRoX3VzZXJfaWQiOiIxMiJ9",
      "expire_date": "2017-05-24T20:15:35.107Z"
    }
  },
  {
    "model": "sessions.session",
    "pk": "53ojfslra3n8b1qrpvtb7hrcl716vub8",
    "fields": {
      "session_data": "NzFiODk2MjFlODdkNTNlYmUyNjMzZjkzZDA5YjZjNmMxNzhjODc0ZTp7Il9hdXRoX3VzZXJfaGFzaCI6ImRjZWNjZjNhMGE2OTVjYjJmM2M5Nzc1ZGFkM2ViMjBkYzUzMzg2ODYiLCJfYXV0aF91c2VyX2JhY2tlbmQiOiJkamFuZ28uY29udHJpYi5hdXRoLmJhY2tlbmRzLk1vZGVsQmFja2VuZCIsIl9hdXRoX3VzZXJfaWQiOiI3In0=",
      "expire_date": "2017-06-02T19:28:17.233Z"
    }
  },
  {
    "model": "sessions.session",
    "pk": "5hcatk159bg83rhyj12qojgk4m0gw3vf",
    "fields": {
      "session_data": "ZmEwMzY0ZTA0ZGU3MDVjM2U2MmMwNzliODQ2ODBjYzJhY2MwYzE1OTp7Il9hdXRoX3VzZXJfaGFzaCI6IjVkYzNkNWY3OGY2NGEyNzkzZmZiMjI2ZDA1NDVjN2I2YTgwMDg4YzEiLCJfYXV0aF91c2VyX2JhY2tlbmQiOiJkamFuZ28uY29udHJpYi5hdXRoLmJhY2tlbmRzLk1vZGVsQmFja2VuZCIsIl9hdXRoX3VzZXJfaWQiOiI1In0=",
      "expire_date": "2017-06-19T17:25:57.012Z"
    }
  },
  {
    "model": "sessions.session",
    "pk": "6bfdsvrqyjo56srd2u8jndne00rn9saq",
    "fields": {
      "session_data": "MDBjZThiMzhjNzkzOTgwNjdhNzkzZmQ4MjYxNWNhMGQzNjQyODU3Mjp7Il9hdXRoX3VzZXJfaGFzaCI6ImYyZTdjNGM1N2VjOWQwMTc1MjE3Y2FkNzNmY2E0ZTQ5NGNmNTMwMTQiLCJfYXV0aF91c2VyX2JhY2tlbmQiOiJkamFuZ28uY29udHJpYi5hdXRoLmJhY2tlbmRzLk1vZGVsQmFja2VuZCIsIl9hdXRoX3VzZXJfaWQiOiIyMCJ9",
      "expire_date": "2017-08-03T20:18:50.016Z"
    }
  },
  {
    "model": "sessions.session",
    "pk": "6jxngw3jmqqcg96mip756fjdlwyvivpy",
    "fields": {
      "session_data": "MDBjZThiMzhjNzkzOTgwNjdhNzkzZmQ4MjYxNWNhMGQzNjQyODU3Mjp7Il9hdXRoX3VzZXJfaGFzaCI6ImYyZTdjNGM1N2VjOWQwMTc1MjE3Y2FkNzNmY2E0ZTQ5NGNmNTMwMTQiLCJfYXV0aF91c2VyX2JhY2tlbmQiOiJkamFuZ28uY29udHJpYi5hdXRoLmJhY2tlbmRzLk1vZGVsQmFja2VuZCIsIl9hdXRoX3VzZXJfaWQiOiIyMCJ9",
      "expire_date": "2017-09-02T06:50:14.140Z"
    }
  },
  {
    "model": "sessions.session",
    "pk": "6mn7f5gxc9u1o5rhneeuijkedk5x4tvx",
    "fields": {
      "session_data": "Nzg4NDUyN2QxNTMzZjcxNjFjMzQyZjFmMGEzMGFiYzRlNWU4ZGUxZTp7Il9hdXRoX3VzZXJfaGFzaCI6IjdjYWMwZWEzNzE5MjZhMTkzYjRlMGI3ZDgzMzA2NGYzMDhmOTc1MjMiLCJfYXV0aF91c2VyX2JhY2tlbmQiOiJkamFuZ28uY29udHJpYi5hdXRoLmJhY2tlbmRzLk1vZGVsQmFja2VuZCIsIl9hdXRoX3VzZXJfaWQiOiIzIn0=",
      "expire_date": "2017-06-10T22:02:04.804Z"
    }
  },
  {
    "model": "sessions.session",
    "pk": "6z88zajn6762hnbz1h3wqs24943lo9kl",
    "fields": {
      "session_data": "ZWRlMWZlNzA2MjZmM2U2YWRiZWJiNDAzZmMzM2FiNWE4NmY1ZWZjNDp7Il9hdXRoX3VzZXJfaGFzaCI6ImJlMmQyM2FkYWExMmM3ZTA1ZDg0OTUxNTQ3ZjQ1Y2RhODUxYjg4YmQiLCJfYXV0aF91c2VyX2JhY2tlbmQiOiJkamFuZ28uY29udHJpYi5hdXRoLmJhY2tlbmRzLk1vZGVsQmFja2VuZCIsIl9hdXRoX3VzZXJfaWQiOiIyIn0=",
      "expire_date": "2017-11-05T19:55:47.824Z"
    }
  },
  {
    "model": "sessions.session",
    "pk": "7e0bijvuyb028g75j62gzevxtj7dujhs",
    "fields": {
      "session_data": "ZWRlMWZlNzA2MjZmM2U2YWRiZWJiNDAzZmMzM2FiNWE4NmY1ZWZjNDp7Il9hdXRoX3VzZXJfaGFzaCI6ImJlMmQyM2FkYWExMmM3ZTA1ZDg0OTUxNTQ3ZjQ1Y2RhODUxYjg4YmQiLCJfYXV0aF91c2VyX2JhY2tlbmQiOiJkamFuZ28uY29udHJpYi5hdXRoLmJhY2tlbmRzLk1vZGVsQmFja2VuZCIsIl9hdXRoX3VzZXJfaWQiOiIyIn0=",
      "expire_date": "2017-08-03T09:59:50.869Z"
    }
  },
  {
    "model": "sessions.session",
    "pk": "7f6uavj6rvwl9p21grxhi6fouqk254fz",
    "fields": {
      "session_data": "ZTRkMGMxYTYxMDRkNDI5ZmE1YjAzNmUwNjM1MjZlMjgwYjRmMWRmMzp7Il9hdXRoX3VzZXJfaGFzaCI6IjdiZTE1NTQ2NDkwNGU5NDdkMjE0YWJiNmQ3ZGFmOWFlOTg2NTAzZjEiLCJfYXV0aF91c2VyX2JhY2tlbmQiOiJkamFuZ28uY29udHJpYi5hdXRoLmJhY2tlbmRzLk1vZGVsQmFja2VuZCIsIl9hdXRoX3VzZXJfaWQiOiIyMyJ9",
      "expire_date": "2017-11-04T13:19:08.338Z"
    }
  },
  {
    "model": "sessions.session",
    "pk": "8c0zo9b45xs3g2dwh6ys781kzpmp3ady",
    "fields": {
      "session_data": "YjNlZWYxOWRjZWU4N2IyZjUxMzI4YTcwMjc5NDJjNzY3ZTdmODM5Njp7Il9hdXRoX3VzZXJfaGFzaCI6IjQxMmVkZDg5NTdhYjMwMDMyZDZjYTc5NDA5N2IyOTc4ZmFjODJkODkiLCJfYXV0aF91c2VyX2JhY2tlbmQiOiJkamFuZ28uY29udHJpYi5hdXRoLmJhY2tlbmRzLk1vZGVsQmFja2VuZCIsIl9hdXRoX3VzZXJfaWQiOiIxOSJ9",
      "expire_date": "2017-06-10T07:02:18.754Z"
    }
  },
  {
    "model": "sessions.session",
    "pk": "8z0uxbb1openxo0v50ia164qvncah4dx",
    "fields": {
      "session_data": "ZWRlMWZlNzA2MjZmM2U2YWRiZWJiNDAzZmMzM2FiNWE4NmY1ZWZjNDp7Il9hdXRoX3VzZXJfaGFzaCI6ImJlMmQyM2FkYWExMmM3ZTA1ZDg0OTUxNTQ3ZjQ1Y2RhODUxYjg4YmQiLCJfYXV0aF91c2VyX2JhY2tlbmQiOiJkamFuZ28uY29udHJpYi5hdXRoLmJhY2tlbmRzLk1vZGVsQmFja2VuZCIsIl9hdXRoX3VzZXJfaWQiOiIyIn0=",
      "expire_date": "2017-05-09T05:02:35.695Z"
    }
  },
  {
    "model": "sessions.session",
    "pk": "934dscilz51k5m43gcwf7q3gkguzu6g6",
    "fields": {
      "session_data": "Nzg4NDUyN2QxNTMzZjcxNjFjMzQyZjFmMGEzMGFiYzRlNWU4ZGUxZTp7Il9hdXRoX3VzZXJfaGFzaCI6IjdjYWMwZWEzNzE5MjZhMTkzYjRlMGI3ZDgzMzA2NGYzMDhmOTc1MjMiLCJfYXV0aF91c2VyX2JhY2tlbmQiOiJkamFuZ28uY29udHJpYi5hdXRoLmJhY2tlbmRzLk1vZGVsQmFja2VuZCIsIl9hdXRoX3VzZXJfaWQiOiIzIn0=",
      "expire_date": "2017-05-10T12:33:41.586Z"
    }
  },
  {
    "model": "sessions.session",
    "pk": "c262qw3vjy334xs5wh0et3h6b7k7ig7q",
    "fields": {
      "session_data": "Nzg4NDUyN2QxNTMzZjcxNjFjMzQyZjFmMGEzMGFiYzRlNWU4ZGUxZTp7Il9hdXRoX3VzZXJfaGFzaCI6IjdjYWMwZWEzNzE5MjZhMTkzYjRlMGI3ZDgzMzA2NGYzMDhmOTc1MjMiLCJfYXV0aF91c2VyX2JhY2tlbmQiOiJkamFuZ28uY29udHJpYi5hdXRoLmJhY2tlbmRzLk1vZGVsQmFja2VuZCIsIl9hdXRoX3VzZXJfaWQiOiIzIn0=",
      "expire_date": "2017-07-06T21:06:37.819Z"
    }
  },
  {
    "model": "sessions.session",
    "pk": "cfhrwfjfejhwhv1ihldvz3a25fhpmfsb",
    "fields": {
      "session_data": "MDBjZThiMzhjNzkzOTgwNjdhNzkzZmQ4MjYxNWNhMGQzNjQyODU3Mjp7Il9hdXRoX3VzZXJfaGFzaCI6ImYyZTdjNGM1N2VjOWQwMTc1MjE3Y2FkNzNmY2E0ZTQ5NGNmNTMwMTQiLCJfYXV0aF91c2VyX2JhY2tlbmQiOiJkamFuZ28uY29udHJpYi5hdXRoLmJhY2tlbmRzLk1vZGVsQmFja2VuZCIsIl9hdXRoX3VzZXJfaWQiOiIyMCJ9",
      "expire_date": "2017-06-11T07:16:34.607Z"
    }
  },
  {
    "model": "sessions.session",
    "pk": "dojauq8pw1hvq2n3y8ha7w2bskuyz0e2",
    "fields": {
      "session_data": "ZWRlMWZlNzA2MjZmM2U2YWRiZWJiNDAzZmMzM2FiNWE4NmY1ZWZjNDp7Il9hdXRoX3VzZXJfaGFzaCI6ImJlMmQyM2FkYWExMmM3ZTA1ZDg0OTUxNTQ3ZjQ1Y2RhODUxYjg4YmQiLCJfYXV0aF91c2VyX2JhY2tlbmQiOiJkamFuZ28uY29udHJpYi5hdXRoLmJhY2tlbmRzLk1vZGVsQmFja2VuZCIsIl9hdXRoX3VzZXJfaWQiOiIyIn0=",
      "expire_date": "2017-05-11T22:57:40.923Z"
    }
  },
  {
    "model": "sessions.session",
    "pk": "gd1zz5itgmdxsb9ks8jv030dse8askfr",
    "fields": {
      "session_data": "MTljZmE3ZDBkMTQ4ZTJlZmQ5NWViMDRkODYyNGE0NzY2MDBjYjhmNDp7Il9hdXRoX3VzZXJfaGFzaCI6ImQ1NmIxYjg5OWY2NDYyNTBjZjdkMjNlNTE5YmJkOTgwN2ViMDBjNjYiLCJfYXV0aF91c2VyX2JhY2tlbmQiOiJkamFuZ28uY29udHJpYi5hdXRoLmJhY2tlbmRzLk1vZGVsQmFja2VuZCIsIl9hdXRoX3VzZXJfaWQiOiIxMyJ9",
      "expire_date": "2017-05-27T10:25:31.676Z"
    }
  },
  {
    "model": "sessions.session",
    "pk": "gvpy3uvo514ltj2cfnvpwfbu8az31ga2",
    "fields": {
      "session_data": "OGMzNjc1YWE0NzBmNTVhMjZhZGEzNDU2MGRhZGZlNWJkMDY5NzYzNTp7Il9hdXRoX3VzZXJfaGFzaCI6IjhiOGNkZTlhZjdlNGFkZjg5YzZhNjk4NGZmYWYyOGY2ZGM1YjcxNjUiLCJfYXV0aF91c2VyX2JhY2tlbmQiOiJkamFuZ28uY29udHJpYi5hdXRoLmJhY2tlbmRzLk1vZGVsQmFja2VuZCIsIl9hdXRoX3VzZXJfaWQiOiIyMSJ9",
      "expire_date": "2017-06-10T22:39:05.585Z"
    }
  },
  {
    "model": "sessions.session",
    "pk": "hntjwx0o70go6xcqqn73r4a9d6vrg20n",
    "fields": {
      "session_data": "NmRhNjIyZTlhY2MzNjVjNzE3NmJiMDRlNzU2MWI3OGNjODgzYTNmNTp7Il9hdXRoX3VzZXJfaGFzaCI6Ijk4OWUzODQ2MWNlOGQ0NGU3ODYzMjBmODM1MjE0MzU5ZmRlNDBmZjgiLCJfYXV0aF91c2VyX2JhY2tlbmQiOiJkamFuZ28uY29udHJpYi5hdXRoLmJhY2tlbmRzLk1vZGVsQmFja2VuZCIsIl9hdXRoX3VzZXJfaWQiOiIxMCJ9",
      "expire_date": "2017-05-28T18:40:53.235Z"
    }
  },
  {
    "model": "sessions.session",
    "pk": "ifpouu9z17oukhb4dbsgblhvcpzqvh5a",
    "fields": {
      "session_data": "Nzg4NDUyN2QxNTMzZjcxNjFjMzQyZjFmMGEzMGFiYzRlNWU4ZGUxZTp7Il9hdXRoX3VzZXJfaGFzaCI6IjdjYWMwZWEzNzE5MjZhMTkzYjRlMGI3ZDgzMzA2NGYzMDhmOTc1MjMiLCJfYXV0aF91c2VyX2JhY2tlbmQiOiJkamFuZ28uY29udHJpYi5hdXRoLmJhY2tlbmRzLk1vZGVsQmFja2VuZCIsIl9hdXRoX3VzZXJfaWQiOiIzIn0=",
      "expire_date": "2017-08-03T10:13:10.709Z"
    }
  },
  {
    "model": "sessions.session",
    "pk": "jbeh2h3vcwmlhehib5eued6y5zh2xii7",
    "fields": {
      "session_data": "ZTRkMGMxYTYxMDRkNDI5ZmE1YjAzNmUwNjM1MjZlMjgwYjRmMWRmMzp7Il9hdXRoX3VzZXJfaGFzaCI6IjdiZTE1NTQ2NDkwNGU5NDdkMjE0YWJiNmQ3ZGFmOWFlOTg2NTAzZjEiLCJfYXV0aF91c2VyX2JhY2tlbmQiOiJkamFuZ28uY29udHJpYi5hdXRoLmJhY2tlbmRzLk1vZGVsQmFja2VuZCIsIl9hdXRoX3VzZXJfaWQiOiIyMyJ9",
      "expire_date": "2017-08-03T11:53:59.790Z"
    }
  },
  {
    "model": "sessions.session",
    "pk": "l5itairn7u6m9eb71rr7ahixbvgzjs4t",
    "fields": {
      "session_data": "YWU5MGU2OTY4MzY2ZGI0OWVkZDg4ZDc1MjgzNTQyMDM0YjNjOGI4MDp7Il9hdXRoX3VzZXJfaGFzaCI6ImI5NGUyNWU0MWQ4NGFkNTAxYTI1ZTQzZjk2MmMyYjMwMDIwMGRjZTgiLCJfYXV0aF91c2VyX2JhY2tlbmQiOiJkamFuZ28uY29udHJpYi5hdXRoLmJhY2tlbmRzLk1vZGVsQmFja2VuZCIsIl9hdXRoX3VzZXJfaWQiOiIxOCJ9",
      "expire_date": "2017-06-10T22:32:01.808Z"
    }
  },
  {
    "model": "sessions.session",
    "pk": "nsp2n9rj6es2wng0jcehfcczxzk3xv9l",
    "fields": {
      "session_data": "Nzg4NDUyN2QxNTMzZjcxNjFjMzQyZjFmMGEzMGFiYzRlNWU4ZGUxZTp7Il9hdXRoX3VzZXJfaGFzaCI6IjdjYWMwZWEzNzE5MjZhMTkzYjRlMGI3ZDgzMzA2NGYzMDhmOTc1MjMiLCJfYXV0aF91c2VyX2JhY2tlbmQiOiJkamFuZ28uY29udHJpYi5hdXRoLmJhY2tlbmRzLk1vZGVsQmFja2VuZCIsIl9hdXRoX3VzZXJfaWQiOiIzIn0=",
      "expire_date": "2017-05-13T21:28:51.457Z"
    }
  },
  {
    "model": "sessions.session",
    "pk": "nvvhb6sjdtz1ifh51hde6wa89h6p2pc3",
    "fields": {
      "session_data": "ZTRkMGMxYTYxMDRkNDI5ZmE1YjAzNmUwNjM1MjZlMjgwYjRmMWRmMzp7Il9hdXRoX3VzZXJfaGFzaCI6IjdiZTE1NTQ2NDkwNGU5NDdkMjE0YWJiNmQ3ZGFmOWFlOTg2NTAzZjEiLCJfYXV0aF91c2VyX2JhY2tlbmQiOiJkamFuZ28uY29udHJpYi5hdXRoLmJhY2tlbmRzLk1vZGVsQmFja2VuZCIsIl9hdXRoX3VzZXJfaWQiOiIyMyJ9",
      "expire_date": "2017-10-22T14:54:30.033Z"
    }
  },
  {
    "model": "sessions.session",
    "pk": "p30sajzsndgjbwwu5yl7bpe1jna23q3k",
    "fields": {
      "session_data": "NmRhNjIyZTlhY2MzNjVjNzE3NmJiMDRlNzU2MWI3OGNjODgzYTNmNTp7Il9hdXRoX3VzZXJfaGFzaCI6Ijk4OWUzODQ2MWNlOGQ0NGU3ODYzMjBmODM1MjE0MzU5ZmRlNDBmZjgiLCJfYXV0aF91c2VyX2JhY2tlbmQiOiJkamFuZ28uY29udHJpYi5hdXRoLmJhY2tlbmRzLk1vZGVsQmFja2VuZCIsIl9hdXRoX3VzZXJfaWQiOiIxMCJ9",
      "expire_date": "2017-06-16T14:27:50.219Z"
    }
  },
  {
    "model": "sessions.session",
    "pk": "pf62lvrnpu45nesrwg0d25z2x5awwiw6",
    "fields": {
      "session_data": "Nzg4NDUyN2QxNTMzZjcxNjFjMzQyZjFmMGEzMGFiYzRlNWU4ZGUxZTp7Il9hdXRoX3VzZXJfaGFzaCI6IjdjYWMwZWEzNzE5MjZhMTkzYjRlMGI3ZDgzMzA2NGYzMDhmOTc1MjMiLCJfYXV0aF91c2VyX2JhY2tlbmQiOiJkamFuZ28uY29udHJpYi5hdXRoLmJhY2tlbmRzLk1vZGVsQmFja2VuZCIsIl9hdXRoX3VzZXJfaWQiOiIzIn0=",
      "expire_date": "2017-05-10T07:13:25.890Z"
    }
  },
  {
    "model": "sessions.session",
    "pk": "q3epr11q4ryhxntyry6ucv4l2tfomwvc",
    "fields": {
      "session_data": "Yjk0ZGFhZTU0ODkxZjM2NDdmMzcxZTIzZWVlZGI2OGU0YWJlMTk3Yzp7Il9hdXRoX3VzZXJfaGFzaCI6ImRiNDFjOWEwNTQ2OTM1NWE1MjcxMmZjNTZiNDc1MjRkYTBiZDQ5N2EiLCJfYXV0aF91c2VyX2JhY2tlbmQiOiJkamFuZ28uY29udHJpYi5hdXRoLmJhY2tlbmRzLk1vZGVsQmFja2VuZCIsIl9hdXRoX3VzZXJfaWQiOiIxNyJ9",
      "expire_date": "2017-06-10T06:53:28.563Z"
    }
  },
  {
    "model": "sessions.session",
    "pk": "qdctob5jd9s0c2wjim7wgot0sxp3iyzp",
    "fields": {
      "session_data": "MDBjZThiMzhjNzkzOTgwNjdhNzkzZmQ4MjYxNWNhMGQzNjQyODU3Mjp7Il9hdXRoX3VzZXJfaGFzaCI6ImYyZTdjNGM1N2VjOWQwMTc1MjE3Y2FkNzNmY2E0ZTQ5NGNmNTMwMTQiLCJfYXV0aF91c2VyX2JhY2tlbmQiOiJkamFuZ28uY29udHJpYi5hdXRoLmJhY2tlbmRzLk1vZGVsQmFja2VuZCIsIl9hdXRoX3VzZXJfaWQiOiIyMCJ9",
      "expire_date": "2017-09-26T15:22:26.642Z"
    }
  },
  {
    "model": "sessions.session",
    "pk": "qp9gn50oo0im26noabhikyei9valfflc",
    "fields": {
      "session_data": "ZWRlMWZlNzA2MjZmM2U2YWRiZWJiNDAzZmMzM2FiNWE4NmY1ZWZjNDp7Il9hdXRoX3VzZXJfaGFzaCI6ImJlMmQyM2FkYWExMmM3ZTA1ZDg0OTUxNTQ3ZjQ1Y2RhODUxYjg4YmQiLCJfYXV0aF91c2VyX2JhY2tlbmQiOiJkamFuZ28uY29udHJpYi5hdXRoLmJhY2tlbmRzLk1vZGVsQmFja2VuZCIsIl9hdXRoX3VzZXJfaWQiOiIyIn0=",
      "expire_date": "2017-05-30T11:12:03.994Z"
    }
  },
  {
    "model": "sessions.session",
    "pk": "s5lq0cbvn1q6h7911hopye0jr9s4987w",
    "fields": {
      "session_data": "YWU5MGU2OTY4MzY2ZGI0OWVkZDg4ZDc1MjgzNTQyMDM0YjNjOGI4MDp7Il9hdXRoX3VzZXJfaGFzaCI6ImI5NGUyNWU0MWQ4NGFkNTAxYTI1ZTQzZjk2MmMyYjMwMDIwMGRjZTgiLCJfYXV0aF91c2VyX2JhY2tlbmQiOiJkamFuZ28uY29udHJpYi5hdXRoLmJhY2tlbmRzLk1vZGVsQmFja2VuZCIsIl9hdXRoX3VzZXJfaWQiOiIxOCJ9",
      "expire_date": "2017-06-10T06:56:48.189Z"
    }
  },
  {
    "model": "sessions.session",
    "pk": "suatserj7q3pe11inox5n8jtd9i73mf9",
    "fields": {
      "session_data": "ZWRlMWZlNzA2MjZmM2U2YWRiZWJiNDAzZmMzM2FiNWE4NmY1ZWZjNDp7Il9hdXRoX3VzZXJfaGFzaCI6ImJlMmQyM2FkYWExMmM3ZTA1ZDg0OTUxNTQ3ZjQ1Y2RhODUxYjg4YmQiLCJfYXV0aF91c2VyX2JhY2tlbmQiOiJkamFuZ28uY29udHJpYi5hdXRoLmJhY2tlbmRzLk1vZGVsQmFja2VuZCIsIl9hdXRoX3VzZXJfaWQiOiIyIn0=",
      "expire_date": "2017-05-12T14:06:05.392Z"
    }
  },
  {
    "model": "sessions.session",
    "pk": "tosi84uk4wlclduz02ucpzyp3ynr0bki",
    "fields": {
      "session_data": "Nzg4NDUyN2QxNTMzZjcxNjFjMzQyZjFmMGEzMGFiYzRlNWU4ZGUxZTp7Il9hdXRoX3VzZXJfaGFzaCI6IjdjYWMwZWEzNzE5MjZhMTkzYjRlMGI3ZDgzMzA2NGYzMDhmOTc1MjMiLCJfYXV0aF91c2VyX2JhY2tlbmQiOiJkamFuZ28uY29udHJpYi5hdXRoLmJhY2tlbmRzLk1vZGVsQmFja2VuZCIsIl9hdXRoX3VzZXJfaWQiOiIzIn0=",
      "expire_date": "2017-05-27T09:10:00.511Z"
    }
  },
  {
    "model": "sessions.session",
    "pk": "tvotjfn1aeoglvrg68vcnec12e186m1x",
    "fields": {
      "session_data": "Nzg4NDUyN2QxNTMzZjcxNjFjMzQyZjFmMGEzMGFiYzRlNWU4ZGUxZTp7Il9hdXRoX3VzZXJfaGFzaCI6IjdjYWMwZWEzNzE5MjZhMTkzYjRlMGI3ZDgzMzA2NGYzMDhmOTc1MjMiLCJfYXV0aF91c2VyX2JhY2tlbmQiOiJkamFuZ28uY29udHJpYi5hdXRoLmJhY2tlbmRzLk1vZGVsQmFja2VuZCIsIl9hdXRoX3VzZXJfaWQiOiIzIn0=",
      "expire_date": "2017-06-14T12:24:14.397Z"
    }
  },
  {
    "model": "sessions.session",
    "pk": "u3x2kqyb7yjsxs1iqn1s1v7kcxls2989",
    "fields": {
      "session_data": "YWU5MGU2OTY4MzY2ZGI0OWVkZDg4ZDc1MjgzNTQyMDM0YjNjOGI4MDp7Il9hdXRoX3VzZXJfaGFzaCI6ImI5NGUyNWU0MWQ4NGFkNTAxYTI1ZTQzZjk2MmMyYjMwMDIwMGRjZTgiLCJfYXV0aF91c2VyX2JhY2tlbmQiOiJkamFuZ28uY29udHJpYi5hdXRoLmJhY2tlbmRzLk1vZGVsQmFja2VuZCIsIl9hdXRoX3VzZXJfaWQiOiIxOCJ9",
      "expire_date": "2017-06-10T13:36:48.397Z"
    }
  },
  {
    "model": "sessions.session",
    "pk": "u7c0r607jg1chjbfn5qfttmnz96iapd1",
    "fields": {
      "session_data": "Nzg4NDUyN2QxNTMzZjcxNjFjMzQyZjFmMGEzMGFiYzRlNWU4ZGUxZTp7Il9hdXRoX3VzZXJfaGFzaCI6IjdjYWMwZWEzNzE5MjZhMTkzYjRlMGI3ZDgzMzA2NGYzMDhmOTc1MjMiLCJfYXV0aF91c2VyX2JhY2tlbmQiOiJkamFuZ28uY29udHJpYi5hdXRoLmJhY2tlbmRzLk1vZGVsQmFja2VuZCIsIl9hdXRoX3VzZXJfaWQiOiIzIn0=",
      "expire_date": "2017-05-20T17:58:15.746Z"
    }
  },
  {
    "model": "sessions.session",
    "pk": "uakkikte805sidqeke6623re62a880xr",
    "fields": {
      "session_data": "Zjk4MTVjMTlhMWQ1MmFiZDVlMGRkM2ViZWE3Y2RiZDBjMGYwOGVkMDp7Il9hdXRoX3VzZXJfaGFzaCI6ImZmOWIzZTM0MWUxYzUwNmVhNDU3NjJhNDhhNWZhYTdmNDlhMzY1ZWUiLCJfYXV0aF91c2VyX2JhY2tlbmQiOiJkamFuZ28uY29udHJpYi5hdXRoLmJhY2tlbmRzLk1vZGVsQmFja2VuZCIsIl9hdXRoX3VzZXJfaWQiOiIxNSJ9",
      "expire_date": "2017-06-02T20:48:10.343Z"
    }
  },
  {
    "model": "sessions.session",
    "pk": "vq47394mmzxdkswx0zu8jawr1np9ah96",
    "fields": {
      "session_data": "Nzg4NDUyN2QxNTMzZjcxNjFjMzQyZjFmMGEzMGFiYzRlNWU4ZGUxZTp7Il9hdXRoX3VzZXJfaGFzaCI6IjdjYWMwZWEzNzE5MjZhMTkzYjRlMGI3ZDgzMzA2NGYzMDhmOTc1MjMiLCJfYXV0aF91c2VyX2JhY2tlbmQiOiJkamFuZ28uY29udHJpYi5hdXRoLmJhY2tlbmRzLk1vZGVsQmFja2VuZCIsIl9hdXRoX3VzZXJfaWQiOiIzIn0=",
      "expire_date": "2017-08-08T06:47:34.981Z"
    }
  },
  {
    "model": "sessions.session",
    "pk": "wtx7kzdfedg1uezd6wujzirx9w096cd7",
    "fields": {
      "session_data": "ZTRkMGMxYTYxMDRkNDI5ZmE1YjAzNmUwNjM1MjZlMjgwYjRmMWRmMzp7Il9hdXRoX3VzZXJfaGFzaCI6IjdiZTE1NTQ2NDkwNGU5NDdkMjE0YWJiNmQ3ZGFmOWFlOTg2NTAzZjEiLCJfYXV0aF91c2VyX2JhY2tlbmQiOiJkamFuZ28uY29udHJpYi5hdXRoLmJhY2tlbmRzLk1vZGVsQmFja2VuZCIsIl9hdXRoX3VzZXJfaWQiOiIyMyJ9",
      "expire_date": "2017-08-19T12:44:27.885Z"
    }
  },
  {
    "model": "sessions.session",
    "pk": "y4z43j093smw2zgni6m4ogvxudcbxjdk",
    "fields": {
      "session_data": "ZWRlMWZlNzA2MjZmM2U2YWRiZWJiNDAzZmMzM2FiNWE4NmY1ZWZjNDp7Il9hdXRoX3VzZXJfaGFzaCI6ImJlMmQyM2FkYWExMmM3ZTA1ZDg0OTUxNTQ3ZjQ1Y2RhODUxYjg4YmQiLCJfYXV0aF91c2VyX2JhY2tlbmQiOiJkamFuZ28uY29udHJpYi5hdXRoLmJhY2tlbmRzLk1vZGVsQmFja2VuZCIsIl9hdXRoX3VzZXJfaWQiOiIyIn0=",
      "expire_date": "2017-11-05T18:01:40.137Z"
    }
  },
  {
    "model": "sessions.session",
    "pk": "y8o496w9eodx7de976uyu2s48u0jkyfy",
    "fields": {
      "session_data": "ZWRlMWZlNzA2MjZmM2U2YWRiZWJiNDAzZmMzM2FiNWE4NmY1ZWZjNDp7Il9hdXRoX3VzZXJfaGFzaCI6ImJlMmQyM2FkYWExMmM3ZTA1ZDg0OTUxNTQ3ZjQ1Y2RhODUxYjg4YmQiLCJfYXV0aF91c2VyX2JhY2tlbmQiOiJkamFuZ28uY29udHJpYi5hdXRoLmJhY2tlbmRzLk1vZGVsQmFja2VuZCIsIl9hdXRoX3VzZXJfaWQiOiIyIn0=",
      "expire_date": "2017-11-05T20:04:01.905Z"
    }
  },
  {
    "model": "sessions.session",
    "pk": "yvfmq41zos282mquld508aecibzv2wqy",
    "fields": {
      "session_data": "Nzg4NDUyN2QxNTMzZjcxNjFjMzQyZjFmMGEzMGFiYzRlNWU4ZGUxZTp7Il9hdXRoX3VzZXJfaGFzaCI6IjdjYWMwZWEzNzE5MjZhMTkzYjRlMGI3ZDgzMzA2NGYzMDhmOTc1MjMiLCJfYXV0aF91c2VyX2JhY2tlbmQiOiJkamFuZ28uY29udHJpYi5hdXRoLmJhY2tlbmRzLk1vZGVsQmFja2VuZCIsIl9hdXRoX3VzZXJfaWQiOiIzIn0=",
      "expire_date": "2017-07-03T17:27:52.763Z"
    }
  },
  {
    "model": "sessions.session",
    "pk": "yzcx3ohkrtimccoj0hz7lv5dee8lpt7r",
    "fields": {
      "session_data": "Nzg4NDUyN2QxNTMzZjcxNjFjMzQyZjFmMGEzMGFiYzRlNWU4ZGUxZTp7Il9hdXRoX3VzZXJfaGFzaCI6IjdjYWMwZWEzNzE5MjZhMTkzYjRlMGI3ZDgzMzA2NGYzMDhmOTc1MjMiLCJfYXV0aF91c2VyX2JhY2tlbmQiOiJkamFuZ28uY29udHJpYi5hdXRoLmJhY2tlbmRzLk1vZGVsQmFja2VuZCIsIl9hdXRoX3VzZXJfaWQiOiIzIn0=",
      "expire_date": "2017-10-30T16:51:54.058Z"
    }
  },
  {
    "model": "sessions.session",
    "pk": "zj587obcdcsts0vi8zu4iryto1v90e6g",
    "fields": {
      "session_data": "YWY1ZWJhMGRmYWQwMzA4YjhjYzFhZjkwOWQ3MDM4ZmM4OTI3NmI4Nzp7Il9hdXRoX3VzZXJfaGFzaCI6ImE3OTgzMjFmMDFhODJkNDU4MWRmZTM4NGM5NTczNGM5MTdiY2NmODIiLCJfYXV0aF91c2VyX2JhY2tlbmQiOiJkamFuZ28uY29udHJpYi5hdXRoLmJhY2tlbmRzLk1vZGVsQmFja2VuZCIsIl9hdXRoX3VzZXJfaWQiOiIyMiJ9",
      "expire_date": "2017-06-11T15:57:43.198Z"
    }
  },
  {
    "model": "member.teammanagers",
    "pk": 1,
    "fields": {
      "full_name": "Iain Macdonald",
      "team": "U9 Boys"
    }
  },
  {
    "model": "member.teammanagers",
    "pk": 2,
    "fields": {
      "full_name": "Phil Ellerby",
      "team": "U7 Boys"
    }
  },
  {
    "model": "member.badges",
    "pk": 1,
    "fields": {
      "name": "First Touch",
      "category": "TECHNICAL",
      "levels": "B",
      "pageUrl": "/member/skillsmatrix/technical/firsttouch/",
      "iconUrl": "/images/badges/firsttouch-bronze.png",
      "description": "First Touch Bronze"
    }
  },
  {
    "model": "member.badges",
    "pk": 2,
    "fields": {
      "name": "First Touch",
      "category": "TECHNICAL",
      "levels": "S",
      "pageUrl": "/member/skillsmatrix/technical/firsttouch/",
      "iconUrl": "/images/badges/firsttouch-silver.png",
      "description": "First Touch Silver"
    }
  },
  {
    "model": "member.badges",
    "pk": 3,
    "fields": {
      "name": "First Touch",
      "category": "TECHNICAL",
      "levels": "G",
      "pageUrl": "/member/skillsmatrix/technical/firsttouch/",
      "iconUrl": "/images/badges/firsttouch-gold.png",
      "description": "First Touch Gold"
    }
  },
  {
    "model": "member.badges",
    "pk": 4,
    "fields": {
      "name": "Goalkeeper",
      "category": "TECHNICAL",
      "levels": "B",
      "pageUrl": "/member/skillsmatrix/technical/goalkeeper/",
      "iconUrl": "/images/badges/goalkeeping-bronze.png",
      "description": "Goalkeeping Bronze"
    }
  },
  {
    "model": "member.badges",
    "pk": 5,
    "fields": {
      "name": "Goalkeeper",
      "category": "TECHNICAL",
      "levels": "S",
      "pageUrl": "/member/skillsmatrix/technical/goalkeeper/",
      "iconUrl": "/images/badges/goalkeeping-silver.png",
      "description": "Goalkeeping Silver"
    }
  },
  {
    "model": "member.badges",
    "pk": 6,
    "fields": {
      "name": "Goalkeeper",
      "category": "TECHNICAL",
      "levels": "G",
      "pageUrl": "/member/skillsmatrix/technical/goalkeeper/",
      "iconUrl": "/images/badges/goalkeeping-gold.png",
      "description": "Goalkeeping Gold"
    }
  },
  {
    "model": "member.badges",
    "pk": 7,
    "fields": {
      "name": "Passing",
      "category": "TECHNICAL",
      "levels": "B",
      "pageUrl": "/member/skillsmatrix/technical/passing/",
      "iconUrl": "/images/badges/passing-bronze.png",
      "description": "Passing Bronze"
    }
  },
  {
    "model": "member.badges",
    "pk": 8,
    "fields": {
      "name": "Passing",
      "category": "TECHNICAL",
      "levels": "S",
      "pageUrl": "/member/skillsmatrix/technical/passing/",
      "iconUrl": "/images/badges/passing-silver.png",
      "description": "Passing Silver"
    }
  },
  {
    "model": "member.badges",
    "pk": 9,
    "fields": {
      "name": "Passing",
      "category": "TECHNICAL",
      "levels": "G",
      "pageUrl": "/member/skillsmatrix/technical/passing/",
      "iconUrl": "/images/badges/passing-gold.png",
      "description": "Passing Gold"
    }
  },
  {
    "model": "member.badges",
    "pk": 10,
    "fields": {
      "name": "Goalscorer",
      "category": "TECHNICAL",
      "levels": "M",
      "pageUrl": "/member/skillsmatrix/challengebadges/",
      "iconUrl": "/images/badges/goalscorer-merit.png",
      "description": "Goalscorer"
    }
  },
  {
    "model": "member.badges",
    "pk": 11,
    "fields": {
      "name": "Kickups",
      "category": "PSYCHOLOGICAL",
      "levels": "B",
      "pageUrl": "/member/skillsmatrix/psychological/kickups/",
      "iconUrl": "/images/badges/kickups-bronze.png",
      "description": "Kickups Bronze"
    }
  },
  {
    "model": "member.badges",
    "pk": 12,
    "fields": {
      "name": "Kickups",
      "category": "PSYCHOLOGICAL",
      "levels": "S",
      "pageUrl": "/member/skillsmatrix/psychological/kickups/",
      "iconUrl": "/images/badges/kickups-silver.png",
      "description": "Kickups Silver"
    }
  },
  {
    "model": "member.badges",
    "pk": 13,
    "fields": {
      "name": "Kickups",
      "category": "PSYCHOLOGICAL",
      "levels": "G",
      "pageUrl": "/member/skillsmatrix/psychological/kickups/",
      "iconUrl": "/images/badges/kickups-gold.png",
      "description": "Kickups Gold"
    }
  },
  {
    "model": "member.badges",
    "pk": 14,
    "fields": {
      "name": "Toe Taps",
      "category": "PSYCHOLOGICAL",
      "levels": "B",
      "pageUrl": "/member/skillsmatrix/psychological/toetaps/",
      "iconUrl": "/images/badges/toetaps-bronze.png",
      "description": "Toe Taps Bronze"
    }
  },
  {
    "model": "member.badges",
    "pk": 15,
    "fields": {
      "name": "Toe Taps",
      "category": "PSYCHOLOGICAL",
      "levels": "S",
      "pageUrl": "/member/skillsmatrix/psychological/toetaps/",
      "iconUrl": "/images/badges/toetaps-silver.png",
      "description": "Toe Taps Silver"
    }
  },
  {
    "model": "member.badges",
    "pk": 16,
    "fields": {
      "name": "Toe Taps",
      "category": "PSYCHOLOGICAL",
      "levels": "G",
      "pageUrl": "/member/skillsmatrix/psychological/toetaps/",
      "iconUrl": "/images/badges/toetaps-gold.png",
      "description": "Toe Taps Gold"
    }
  },
  {
    "model": "member.badges",
    "pk": 17,
    "fields": {
      "name": "Cryuff Turns",
      "category": "PSYCHOLOGICAL",
      "levels": "M",
      "pageUrl": "/member/skillsmatrix/challengebadges/",
      "iconUrl": "/images/badges/cryuffturns-merit.png",
      "description": "Cryuff Turn"
    }
  },
  {
    "model": "member.badges",
    "pk": 18,
    "fields": {
      "name": "Dragback Turns",
      "category": "PSYCHOLOGICAL",
      "levels": "M",
      "pageUrl": "/member/skillsmatrix/challengebadges/",
      "iconUrl": "/images/badges/dragbackturns-merit.png",
      "description": "Dragback Turn"
    }
  },
  {
    "model": "member.badges",
    "pk": 19,
    "fields": {
      "name": "Hook Turns",
      "category": "PSYCHOLOGICAL",
      "levels": "M",
      "pageUrl": "/member/skillsmatrix/challengebadges/",
      "iconUrl": "/images/badges/hookturns-merit.png",
      "description": "Hook Turn"
    }
  },
  {
    "model": "member.badges",
    "pk": 20,
    "fields": {
      "name": "Ronaldo-chop Turns",
      "category": "PSYCHOLOGICAL",
      "levels": "M",
      "pageUrl": "/member/skillsmatrix/challengebadges/",
      "iconUrl": "/images/badges/ronaldochop-merit.png",
      "description": "Ronaldo Chop Turn"
    }
  },
  {
    "model": "member.badges",
    "pk": 21,
    "fields": {
      "name": "Stepover Turns",
      "category": "PSYCHOLOGICAL",
      "levels": "M",
      "pageUrl": "/member/skillsmatrix/challengebadges/",
      "iconUrl": "/images/badges/stepoverturns-merit.png",
      "description": "Stepover Turn"
    }
  },
  {
    "model": "member.badges",
    "pk": 22,
    "fields": {
      "name": "Zidane Turns",
      "category": "PSYCHOLOGICAL",
      "levels": "M",
      "pageUrl": "/member/skillsmatrix/challengebadges/",
      "iconUrl": "/images/badges/zidaneturns-merit.png",
      "description": "Zidane Turn"
    }
  },
  {
    "model": "member.badges",
    "pk": 23,
    "fields": {
      "name": "Dribbling",
      "category": "PHYSICAL",
      "levels": "B",
      "pageUrl": "/member/skillsmatrix/physical/dribbling/",
      "iconUrl": "/images/badges/dribbling-bronze.png",
      "description": "Dribbling Bronze"
    }
  },
  {
    "model": "member.badges",
    "pk": 24,
    "fields": {
      "name": "Dribbling",
      "category": "PHYSICAL",
      "levels": "S",
      "pageUrl": "/member/skillsmatrix/physical/dribbling/",
      "iconUrl": "/images/badges/dribbling-silver.png",
      "description": "Dribbling Silver"
    }
  },
  {
    "model": "member.badges",
    "pk": 25,
    "fields": {
      "name": "Dribbling",
      "category": "PHYSICAL",
      "levels": "G",
      "pageUrl": "/member/skillsmatrix/physical/dribbling/",
      "iconUrl": "/images/badges/dribbling-gold.png",
      "description": "Dribbling Gold"
    }
  },
  {
    "model": "member.badges",
    "pk": 26,
    "fields": {
      "name": "Heading",
      "category": "PHYSICAL",
      "levels": "B",
      "pageUrl": "/member/skillsmatrix/physical/heading/",
      "iconUrl": "/images/badges/heading-bronze.png",
      "description": "Heading Bronze"
    }
  },
  {
    "model": "member.badges",
    "pk": 27,
    "fields": {
      "name": "Heading",
      "category": "PHYSICAL",
      "levels": "S",
      "pageUrl": "/member/skillsmatrix/physical/heading/",
      "iconUrl": "/images/badges/heading-silver.png",
      "description": "Heading Silver"
    }
  },
  {
    "model": "member.badges",
    "pk": 28,
    "fields": {
      "name": "Heading",
      "category": "PHYSICAL",
      "levels": "G",
      "pageUrl": "/member/skillsmatrix/physical/heading/",
      "iconUrl": "/images/badges/heading-gold.png",
      "description": "Heading Gold"
    }
  },
  {
    "model": "member.badges",
    "pk": 29,
    "fields": {
      "name": "Attacking",
      "category": "SOCIAL",
      "levels": "B",
      "pageUrl": "/member/skillsmatrix/social/attacking/",
      "iconUrl": "/images/badges/attacking-bronze.png",
      "description": "Attacking Bronze"
    }
  },
  {
    "model": "member.badges",
    "pk": 30,
    "fields": {
      "name": "Attacking",
      "category": "SOCIAL",
      "levels": "S",
      "pageUrl": "/member/skillsmatrix/social/attacking/",
      "iconUrl": "/images/badges/attacking-silver.png",
      "description": "Attacking Silver"
    }
  },
  {
    "model": "member.badges",
    "pk": 31,
    "fields": {
      "name": "Attacking",
      "category": "SOCIAL",
      "levels": "G",
      "pageUrl": "/member/skillsmatrix/social/attacking/",
      "iconUrl": "/images/badges/attacking-gold.png",
      "description": "Attacking Gold"
    }
  },
  {
    "model": "member.badges",
    "pk": 32,
    "fields": {
      "name": "Defending",
      "category": "SOCIAL",
      "levels": "B",
      "pageUrl": "/member/skillsmatrix/social/defending/",
      "iconUrl": "/images/badges/defending-bronze.png",
      "description": "Defending Bronze"
    }
  },
  {
    "model": "member.badges",
    "pk": 33,
    "fields": {
      "name": "Defending",
      "category": "SOCIAL",
      "levels": "S",
      "pageUrl": "/member/skillsmatrix/social/defending/",
      "iconUrl": "/images/badges/defending-silver.png",
      "description": "Defending Silver"
    }
  },
  {
    "model": "member.badges",
    "pk": 34,
    "fields": {
      "name": "Defending",
      "category": "SOCIAL",
      "levels": "G",
      "pageUrl": "/member/skillsmatrix/social/defending/",
      "iconUrl": "/images/badges/defending-gold.png",
      "description": "Defending Gold"
    }
  },
  {
    "model": "member.badges",
    "pk": 35,
    "fields": {
      "name": "Leadership",
      "category": "SOCIAL",
      "levels": "M",
      "pageUrl": "/member/skillsmatrix/challengebadges/",
      "iconUrl": "/images/badges/leadership-merit.png",
      "description": "Leadership"
    }
  },
  {
    "model": "member.badges",
    "pk": 36,
    "fields": {
      "name": "Teamwork",
      "category": "SOCIAL",
      "levels": "M",
      "pageUrl": "/member/skillsmatrix/challengebadges/",
      "iconUrl": "/images/badges/teamwork-merit.png",
      "description": "Teamwork"
    }
  },
  {
    "model": "member.badges",
    "pk": 37,
    "fields": {
      "name": "Position Goalkeeper",
      "category": "TECHNICAL",
      "levels": "M",
      "pageUrl": "/member/skillsmatrix/challengebadges/",
      "iconUrl": "/images/badges/positions-goalkeeper.png",
      "description": "Positions GK"
    }
  },
  {
    "model": "member.badges",
    "pk": 38,
    "fields": {
      "name": "Position Left Defence",
      "category": "TECHNICAL",
      "levels": "M",
      "pageUrl": "/member/skillsmatrix/challengebadges/",
      "iconUrl": "/images/badges/positions-left-def.png",
      "description": "Position Left Defence"
    }
  },
  {
    "model": "member.badges",
    "pk": 39,
    "fields": {
      "name": "Position Right Defence",
      "category": "TECHNICAL",
      "levels": "M",
      "pageUrl": "/member/skillsmatrix/challengebadges/",
      "iconUrl": "/images/badges/positions-right-def.png",
      "description": "Position Right Defence"
    }
  },
  {
    "model": "member.badges",
    "pk": 40,
    "fields": {
      "name": "Position Left Midfield",
      "category": "TECHNICAL",
      "levels": "M",
      "pageUrl": "/member/skillsmatrix/challengebadges/",
      "iconUrl": "/images/badges/positions-left-mid.png",
      "description": "Position Left Midfield"
    }
  },
  {
    "model": "member.badges",
    "pk": 41,
    "fields": {
      "name": "Position Central Midfield",
      "category": "TECHNICAL",
      "levels": "M",
      "pageUrl": "/member/skillsmatrix/challengebadges/",
      "iconUrl": "/images/badges/positions-central-mid.png",
      "description": "Position Central Midfield"
    }
  },
  {
    "model": "member.badges",
    "pk": 42,
    "fields": {
      "name": "Position Right Midfield",
      "category": "TECHNICAL",
      "levels": "M",
      "pageUrl": "/member/skillsmatrix/challengebadges/",
      "iconUrl": "/images/badges/positions-right-mid.png",
      "description": "Position Right Midfield"
    }
  },
  {
    "model": "member.badges",
    "pk": 43,
    "fields": {
      "name": "Position Striker",
      "category": "TECHNICAL",
      "levels": "M",
      "pageUrl": "/member/skillsmatrix/challengebadges/",
      "iconUrl": "/images/badges/positions-striker.png",
      "description": "Position Striker"
    }
  },
  {
    "model": "member.badgeassesments",
    "pk": 1,
    "fields": {
      "badgeId": 10,
      "description": "Score a goal"
    }
  },
  {
    "model": "member.badgeassesments",
    "pk": 2,
    "fields": {
      "badgeId": 10,
      "description": "Score a goal with your weak foot"
    }
  },
  {
    "model": "member.badgeassesments",
    "pk": 3,
    "fields": {
      "badgeId": 10,
      "description": "Score a hattrick"
    }
  },
  {
    "model": "member.badgeassesments",
    "pk": 4,
    "fields": {
      "badgeId": 17,
      "description": "Complete the turn at walking pace"
    }
  },
  {
    "model": "member.badgeassesments",
    "pk": 5,
    "fields": {
      "badgeId": 17,
      "description": "Complete the turn running"
    }
  },
  {
    "model": "member.badgeassesments",
    "pk": 6,
    "fields": {
      "badgeId": 17,
      "description": "Complete the turn with both feet"
    }
  },
  {
    "model": "member.badgeassesments",
    "pk": 7,
    "fields": {
      "badgeId": 18,
      "description": "Complete the turn at walking pace"
    }
  },
  {
    "model": "member.badgeassesments",
    "pk": 8,
    "fields": {
      "badgeId": 18,
      "description": "Complete the turn running"
    }
  },
  {
    "model": "member.badgeassesments",
    "pk": 9,
    "fields": {
      "badgeId": 18,
      "description": "Complete the turn with both feet"
    }
  },
  {
    "model": "member.badgeassesments",
    "pk": 10,
    "fields": {
      "badgeId": 19,
      "description": "Complete the turn at walking pace"
    }
  },
  {
    "model": "member.badgeassesments",
    "pk": 11,
    "fields": {
      "badgeId": 19,
      "description": "Complete the turn running"
    }
  },
  {
    "model": "member.badgeassesments",
    "pk": 12,
    "fields": {
      "badgeId": 19,
      "description": "Complete the turn with both feet"
    }
  },
  {
    "model": "member.badgeassesments",
    "pk": 13,
    "fields": {
      "badgeId": 20,
      "description": "Complete the turn at walking pace"
    }
  },
  {
    "model": "member.badgeassesments",
    "pk": 14,
    "fields": {
      "badgeId": 20,
      "description": "Complete the turn running"
    }
  },
  {
    "model": "member.badgeassesments",
    "pk": 15,
    "fields": {
      "badgeId": 20,
      "description": "Complete the turn at walking pace"
    }
  },
  {
    "model": "member.badgeassesments",
    "pk": 16,
    "fields": {
      "badgeId": 21,
      "description": "Complete the turn at walking pace"
    }
  },
  {
    "model": "member.badgeassesments",
    "pk": 17,
    "fields": {
      "badgeId": 21,
      "description": "Complete the turn running"
    }
  },
  {
    "model": "member.badgeassesments",
    "pk": 18,
    "fields": {
      "badgeId": 21,
      "description": "Complete the turn with both feet"
    }
  },
  {
    "model": "member.badgeassesments",
    "pk": 19,
    "fields": {
      "badgeId": 22,
      "description": "Complete the turn at walking pace"
    }
  },
  {
    "model": "member.badgeassesments",
    "pk": 20,
    "fields": {
      "badgeId": 22,
      "description": "Complete the turn running"
    }
  },
  {
    "model": "member.badgeassesments",
    "pk": 21,
    "fields": {
      "badgeId": 22,
      "description": "Complete the turn with both feet"
    }
  },
  {
    "model": "member.badgeassesments",
    "pk": 22,
    "fields": {
      "badgeId": 36,
      "description": "Assist a goal"
    }
  },
  {
    "model": "member.badgeassesments",
    "pk": 23,
    "fields": {
      "badgeId": 36,
      "description": "Assist from a corner"
    }
  },
  {
    "model": "member.badgeassesments",
    "pk": 24,
    "fields": {
      "badgeId": 36,
      "description": "Assist with a 1-2"
    }
  },
  {
    "model": "member.badgeassesments",
    "pk": 25,
    "fields": {
      "badgeId": 35,
      "description": "Take a warm up"
    }
  },
  {
    "model": "member.badgeassesments",
    "pk": 26,
    "fields": {
      "badgeId": 35,
      "description": "Captain the Team (c)"
    }
  },
  {
    "model": "member.badgeassesments",
    "pk": 27,
    "fields": {
      "badgeId": 35,
      "description": "Show support and encourage your team"
    }
  },
  {
    "model": "member.badgeassesments",
    "pk": 28,
    "fields": {
      "badgeId": 35,
      "description": "Loud communication with team mates"
    }
  },
  {
    "model": "member.badgeassesments",
    "pk": 29,
    "fields": {
      "badgeId": 11,
      "description": "10 Kickups (L/R) [Bounces Allowed]"
    }
  },
  {
    "model": "member.badgeassesments",
    "pk": 30,
    "fields": {
      "badgeId": 11,
      "description": "5 Kickups (L/R) [No Bounce]"
    }
  },
  {
    "model": "member.badgeassesments",
    "pk": 31,
    "fields": {
      "badgeId": 12,
      "description": "25 Kickups (L/R) [Bounces Allowed]"
    }
  },
  {
    "model": "member.badgeassesments",
    "pk": 32,
    "fields": {
      "badgeId": 12,
      "description": "10 Kickups (L/R) [No Bounce]"
    }
  },
  {
    "model": "member.badgeassesments",
    "pk": 33,
    "fields": {
      "badgeId": 13,
      "description": "50 Kickups (L/R) [Bounces Allowed]"
    }
  },
  {
    "model": "member.badgeassesments",
    "pk": 35,
    "fields": {
      "badgeId": 13,
      "description": "25 Kickups (L/R) [No Bounce]"
    }
  },
  {
    "model": "member.badgeassesments",
    "pk": 36,
    "fields": {
      "badgeId": 14,
      "description": "40 Toe Taps (L/R) under 60 seconds"
    }
  },
  {
    "model": "member.badgeassesments",
    "pk": 37,
    "fields": {
      "badgeId": 15,
      "description": "45 Toe Taps (L/R) under 60 seconds"
    }
  },
  {
    "model": "member.badgeassesments",
    "pk": 38,
    "fields": {
      "badgeId": 16,
      "description": "60 Toe Taps (L/R) under 60 seconds"
    }
  },
  {
    "model": "member.badgeassesments",
    "pk": 39,
    "fields": {
      "badgeId": 1,
      "description": "The ball must not leave the player box for control"
    }
  },
  {
    "model": "member.badgeassesments",
    "pk": 40,
    "fields": {
      "badgeId": 1,
      "description": "5 Passes off the floor"
    }
  },
  {
    "model": "member.badgeassesments",
    "pk": 41,
    "fields": {
      "badgeId": 1,
      "description": "5 passes thrown into the player"
    }
  },
  {
    "model": "member.badgeassesments",
    "pk": 42,
    "fields": {
      "badgeId": 1,
      "description": "The player must get a 60% completion rate"
    }
  },
  {
    "model": "member.badgeassesments",
    "pk": 43,
    "fields": {
      "badgeId": 2,
      "description": "The first touch should take the ball away from the post."
    }
  },
  {
    "model": "member.badgeassesments",
    "pk": 44,
    "fields": {
      "badgeId": 2,
      "description": "Players must rotate between the left and right feet."
    }
  },
  {
    "model": "member.badgeassesments",
    "pk": 45,
    "fields": {
      "badgeId": 2,
      "description": "The following touches are required TopTaps, Inside and Outside"
    }
  },
  {
    "model": "member.badgeassesments",
    "pk": 46,
    "fields": {
      "badgeId": 2,
      "description": "The weight of pass back to the player should be correct."
    }
  },
  {
    "model": "member.badgeassesments",
    "pk": 47,
    "fields": {
      "badgeId": 7,
      "description": "The weight of pass to the target is important"
    }
  },
  {
    "model": "member.badgeassesments",
    "pk": 48,
    "fields": {
      "badgeId": 7,
      "description": "The passes into the target goals should be alternative Left/Right"
    }
  },
  {
    "model": "member.badgeassesments",
    "pk": 49,
    "fields": {
      "badgeId": 4,
      "description": "The player should be able to collect 70% of shots"
    }
  },
  {
    "model": "member.badgeassesments",
    "pk": 50,
    "fields": {
      "badgeId": 4,
      "description": "The player should be able to demonstrate the W, Scoop and Cup"
    }
  },
  {
    "model": "member.badgeassesments",
    "pk": 51,
    "fields": {
      "badgeId": 4,
      "description": "The player can roll the ball out underarm to a player 10m away."
    }
  },
  {
    "model": "member.badgeassesments",
    "pk": 58,
    "fields": {
      "badgeId": 17,
      "description": "Complete the turn in a game"
    }
  },
  {
    "model": "member.badgeassesments",
    "pk": 59,
    "fields": {
      "badgeId": 18,
      "description": "Complete the turn in a game"
    }
  },
  {
    "model": "member.badgeassesments",
    "pk": 60,
    "fields": {
      "badgeId": 19,
      "description": "Complete the turn in a game"
    }
  },
  {
    "model": "member.badgeassesments",
    "pk": 61,
    "fields": {
      "badgeId": 20,
      "description": "Complete the turn in a game"
    }
  },
  {
    "model": "member.badgeassesments",
    "pk": 62,
    "fields": {
      "badgeId": 21,
      "description": "Complete the turn in a game"
    }
  },
  {
    "model": "member.badgeassesments",
    "pk": 63,
    "fields": {
      "badgeId": 22,
      "description": "Complete the turn in a game"
    }
  },
  {
    "model": "member.badgeassesments",
    "pk": 64,
    "fields": {
      "badgeId": 14,
      "description": "60 - L/R Side Taps under 60 seconds"
    }
  },
  {
    "model": "member.badgeassesments",
    "pk": 65,
    "fields": {
      "badgeId": 37,
      "description": "Play a full game in Goal"
    }
  },
  {
    "model": "member.badgeassesments",
    "pk": 66,
    "fields": {
      "badgeId": 37,
      "description": "Show good positioning - Sweeper keeper"
    }
  },
  {
    "model": "member.badgeassesments",
    "pk": 67,
    "fields": {
      "badgeId": 39,
      "description": "Play as Right Defender - Good 'right-sided' positioning and body shape"
    }
  },
  {
    "model": "member.badgeassesments",
    "pk": 68,
    "fields": {
      "badgeId": 39,
      "description": "Strong Block Tackling and Strength - Timing"
    }
  },
  {
    "model": "member.badgeassesments",
    "pk": 69,
    "fields": {
      "badgeId": 39,
      "description": "Understand when to Dribble and Pass"
    }
  },
  {
    "model": "member.badgeassesments",
    "pk": 70,
    "fields": {
      "badgeId": 38,
      "description": "Play as Left Defender - Good 'left-sided' positioning and body shape"
    }
  },
  {
    "model": "member.badgeassesments",
    "pk": 71,
    "fields": {
      "badgeId": 38,
      "description": "Strong Block Tackling and Strength - Timing"
    }
  },
  {
    "model": "member.badgeassesments",
    "pk": 72,
    "fields": {
      "badgeId": 38,
      "description": "Understand when to Dribble and Pass"
    }
  },
  {
    "model": "member.badgeassesments",
    "pk": 73,
    "fields": {
      "badgeId": 40,
      "description": "Play Left midfield - Stay wide - Good First Touch"
    }
  },
  {
    "model": "member.badgeassesments",
    "pk": 74,
    "fields": {
      "badgeId": 40,
      "description": "Get Left footed crosses into the box"
    }
  },
  {
    "model": "member.badgeassesments",
    "pk": 75,
    "fields": {
      "badgeId": 40,
      "description": "Support attack and Defence - Good Energy"
    }
  },
  {
    "model": "member.badgeassesments",
    "pk": 76,
    "fields": {
      "badgeId": 42,
      "description": "Play Right midfield - Stay wide - Good First Touch"
    }
  },
  {
    "model": "member.badgeassesments",
    "pk": 77,
    "fields": {
      "badgeId": 42,
      "description": "Get Right footed crosses into the box"
    }
  },
  {
    "model": "member.badgeassesments",
    "pk": 78,
    "fields": {
      "badgeId": 42,
      "description": "Support attack and Defence - Good Energy"
    }
  },
  {
    "model": "member.badgeassesments",
    "pk": 79,
    "fields": {
      "badgeId": 41,
      "description": "Support attack and Defence - Box to Box"
    }
  },
  {
    "model": "member.badgeassesments",
    "pk": 80,
    "fields": {
      "badgeId": 41,
      "description": "Receive ball and Switch Play - Left or right"
    }
  },
  {
    "model": "member.badgeassesments",
    "pk": 81,
    "fields": {
      "badgeId": 41,
      "description": "Strong tackling to Counter Attacking"
    }
  },
  {
    "model": "member.badgeassesments",
    "pk": 82,
    "fields": {
      "badgeId": 41,
      "description": "Good Range of Long and Short Passing"
    }
  },
  {
    "model": "member.badgeassesments",
    "pk": 83,
    "fields": {
      "badgeId": 43,
      "description": "Pressure defenders - Try to force an error"
    }
  },
  {
    "model": "member.badgeassesments",
    "pk": 84,
    "fields": {
      "badgeId": 43,
      "description": "Quick Feet - Get Shots off"
    }
  },
  {
    "model": "member.badgeassesments",
    "pk": 85,
    "fields": {
      "badgeId": 43,
      "description": "Hold up ball 'Back to Goal' and bring Midfielders into play"
    }
  },
  {
    "model": "member.badgemedia",
    "pk": 1,
    "fields": {
      "badgeId": 1,
      "pageUrl": "pdf/firsttouch-bronze-assessment.pdf",
      "description": "First Touch Bronze Assessment",
      "mediaType": "PDF"
    }
  },
  {
    "model": "member.badgemedia",
    "pk": 2,
    "fields": {
      "badgeId": 1,
      "pageUrl": "https://www.youtube.com/watch?v=T0zWQzxlyLk",
      "description": "First Touch I",
      "mediaType": "VIDEO"
    }
  },
  {
    "model": "member.badgemedia",
    "pk": 4,
    "fields": {
      "badgeId": 8,
      "pageUrl": "pdf/passing-silver-assessment.pdf",
      "description": "Passing Silver Assessment",
      "mediaType": "PDF"
    }
  },
  {
    "model": "member.badgemedia",
    "pk": 5,
    "fields": {
      "badgeId": 2,
      "pageUrl": "https://www.youtube.com/watch?v=2BCOBXOyO-o",
      "description": "First Touch II",
      "mediaType": "VIDEO"
    }
  },
  {
    "model": "member.badgemedia",
    "pk": 6,
    "fields": {
      "badgeId": 3,
      "pageUrl": "https://www.youtube.com/watch?v=DbFDh79UwNY",
      "description": "First Touch III ",
      "mediaType": "VIDEO"
    }
  },
  {
    "model": "member.badgemedia",
    "pk": 7,
    "fields": {
      "badgeId": 2,
      "pageUrl": "https://www.youtube.com/watch?v=vocSBiZjlRA",
      "description": "First Touch Silver Demo",
      "mediaType": "VIDEO"
    }
  },
  {
    "model": "member.badgemedia",
    "pk": 8,
    "fields": {
      "badgeId": 2,
      "pageUrl": "pdf/firsttouch-silver-assessment.pdf",
      "description": "First Touch Silver Assessment",
      "mediaType": "PDF"
    }
  },
  {
    "model": "member.badgemedia",
    "pk": 9,
    "fields": {
      "badgeId": 7,
      "pageUrl": "pdf/passing-bronze-assessment.pdf",
      "description": "Passing Bronze Assessment  ",
      "mediaType": "PDF"
    }
  },
  {
    "model": "member.badgemedia",
    "pk": 10,
    "fields": {
      "badgeId": 8,
      "pageUrl": "https://www.youtube.com/watch?v=xvaD2AamMpU",
      "description": "Passing Quick Drills",
      "mediaType": "VIDEO"
    }
  },
  {
    "model": "member.badgemedia",
    "pk": 11,
    "fields": {
      "badgeId": 10,
      "pageUrl": "https://www.youtube.com/watch?v=tcoRi1OxFmo",
      "description": "Shooting Drills",
      "mediaType": "VIDEO"
    }
  },
  {
    "model": "member.badgemedia",
    "pk": 12,
    "fields": {
      "badgeId": 4,
      "pageUrl": "https://www.sportsessionplanner.com/s/SX3S/Goalkeeping---Decision-of-Techniques-(Scoop-Cup-W).html",
      "description": "Goalkeeping Basics (Scoop, W & Cup)",
      "mediaType": "HREF"
    }
  },
  {
    "model": "member.badgemedia",
    "pk": 13,
    "fields": {
      "badgeId": 4,
      "pageUrl": "pdf/goalkeeping-bronze-assessment.pdf",
      "description": "Goalkeeping Bronze Assessment",
      "mediaType": "PDF"
    }
  },
  {
    "model": "member.badgemedia",
    "pk": 14,
    "fields": {
      "badgeId": 4,
      "pageUrl": "http://www.seriousgoalkeeping.net/Techniques/GoalkeeperTechniquesReadyPositions.aspx",
      "description": "Goalkeeping Hand Positions",
      "mediaType": "HREF"
    }
  },
  {
    "model": "member.badgemedia",
    "pk": 15,
    "fields": {
      "badgeId": 7,
      "pageUrl": "https://www.youtube.com/watch?v=pRZ-2MOEivM",
      "description": "Passing Drills I",
      "mediaType": "VIDEO"
    }
  },
  {
    "model": "member.badgemedia",
    "pk": 16,
    "fields": {
      "badgeId": 7,
      "pageUrl": "https://www.youtube.com/watch?v=Sm-u_ESEmjE",
      "description": "Passing Technique I",
      "mediaType": "VIDEO"
    }
  },
  {
    "model": "member.badgemedia",
    "pk": 17,
    "fields": {
      "badgeId": 11,
      "pageUrl": "https://www.youtube.com/watch?v=Nxr9Pev3e_0",
      "description": "Kickups I",
      "mediaType": "VIDEO"
    }
  },
  {
    "model": "member.badgemedia",
    "pk": 18,
    "fields": {
      "badgeId": 12,
      "pageUrl": "https://www.youtube.com/watch?v=MBiUt_DRSu0",
      "description": "Kickups II",
      "mediaType": "VIDEO"
    }
  },
  {
    "model": "member.badgemedia",
    "pk": 19,
    "fields": {
      "badgeId": 13,
      "pageUrl": "https://www.youtube.com/watch?v=rc2R4X1427s",
      "description": "Kickups III",
      "mediaType": "VIDEO"
    }
  },
  {
    "model": "member.badgemedia",
    "pk": 20,
    "fields": {
      "badgeId": 14,
      "pageUrl": "https://www.youtube.com/watch?v=2e0TwCa-jXU",
      "description": "ToeTaps Tops",
      "mediaType": "VIDEO"
    }
  },
  {
    "model": "member.badgemedia",
    "pk": 21,
    "fields": {
      "badgeId": 15,
      "pageUrl": "https://www.youtube.com/watch?v=07lrS7lcm1E",
      "description": "ToeTaps Side",
      "mediaType": "VIDEO"
    }
  },
  {
    "model": "member.badgemedia",
    "pk": 22,
    "fields": {
      "badgeId": 16,
      "pageUrl": "https://www.youtube.com/watch?v=KAHzxiYPIPU",
      "description": "ToeTaps Advanced",
      "mediaType": "VIDEO"
    }
  },
  {
    "model": "member.badgemedia",
    "pk": 23,
    "fields": {
      "badgeId": 17,
      "pageUrl": "https://www.youtube.com/watch?v=zVEeum8wA6U",
      "description": "Cryuff Turn Technique",
      "mediaType": "VIDEO"
    }
  },
  {
    "model": "member.badgemedia",
    "pk": 24,
    "fields": {
      "badgeId": 17,
      "pageUrl": "https://www.youtube.com/watch?v=cYNfy1fIA5w",
      "description": "Cryuff Turn Examples",
      "mediaType": "VIDEO"
    }
  },
  {
    "model": "member.badgemedia",
    "pk": 25,
    "fields": {
      "badgeId": 22,
      "pageUrl": "https://www.youtube.com/watch?v=YwPqQWij1aQ",
      "description": "Zidane Turn Examples",
      "mediaType": "VIDEO"
    }
  },
  {
    "model": "member.badgemedia",
    "pk": 26,
    "fields": {
      "badgeId": 22,
      "pageUrl": "https://www.youtube.com/watch?v=zVEeum8wA6U",
      "description": "Zidane Turn Technique",
      "mediaType": "VIDEO"
    }
  },
  {
    "model": "member.badgemedia",
    "pk": 27,
    "fields": {
      "badgeId": 18,
      "pageUrl": "https://www.youtube.com/watch?v=YpuAC0whCY4",
      "description": "Drag Back Turn Technique",
      "mediaType": "VIDEO"
    }
  },
  {
    "model": "member.badgemedia",
    "pk": 28,
    "fields": {
      "badgeId": 19,
      "pageUrl": "https://www.youtube.com/watch?v=Gms0BBPdGiY",
      "description": "Hook Turns Technique",
      "mediaType": "VIDEO"
    }
  },
  {
    "model": "member.badgemedia",
    "pk": 29,
    "fields": {
      "badgeId": 20,
      "pageUrl": "https://www.youtube.com/watch?v=t5TDr1lfh8g",
      "description": "Ronaldo Chop Technique",
      "mediaType": "VIDEO"
    }
  },
  {
    "model": "member.badgemedia",
    "pk": 30,
    "fields": {
      "badgeId": 21,
      "pageUrl": "https://www.youtube.com/watch?v=Z2XcxeCE-1M",
      "description": "Step Over Turn Technique",
      "mediaType": "VIDEO"
    }
  },
  {
    "model": "member.badgemedia",
    "pk": 31,
    "fields": {
      "badgeId": 35,
      "pageUrl": "https://www.youtube.com/watch?v=ZnjJpa1LBOY",
      "description": "Leadership Cartoons",
      "mediaType": "VIDEO"
    }
  },
  {
    "model": "member.badgemedia",
    "pk": 32,
    "fields": {
      "badgeId": 36,
      "pageUrl": "https://www.youtube.com/watch?v=SHsN8j7HRm4",
      "description": "Crossing I",
      "mediaType": "VIDEO"
    }
  },
  {
    "model": "member.badgemedia",
    "pk": 33,
    "fields": {
      "badgeId": 36,
      "pageUrl": "https://www.youtube.com/watch?v=1VdyP_V8aTc",
      "description": "Crossing II",
      "mediaType": "VIDEO"
    }
  },
  {
    "model": "member.badgemedia",
    "pk": 34,
    "fields": {
      "badgeId": 35,
      "pageUrl": "pdf/leadership-warmup-drills.pdf",
      "description": "Leadership Warm up Drills",
      "mediaType": "PDF"
    }
  },
  {
    "model": "member.badgemedia",
    "pk": 35,
    "fields": {
      "badgeId": 38,
      "pageUrl": "https://www.youtube.com/watch?v=xKMkqXCMtnw",
      "description": "How to Play Full Back",
      "mediaType": "VIDEO"
    }
  },
  {
    "model": "member.badgemedia",
    "pk": 36,
    "fields": {
      "badgeId": 39,
      "pageUrl": "https://www.youtube.com/watch?v=xKMkqXCMtnw",
      "description": "How to Play Full Back",
      "mediaType": "VIDEO"
    }
  },
  {
    "model": "member.badgemedia",
    "pk": 37,
    "fields": {
      "badgeId": 37,
      "pageUrl": "https://www.youtube.com/watch?v=sOqLOTN75x8",
      "description": "Sweeper keeper and quick distribution",
      "mediaType": "VIDEO"
    }
  },
  {
    "model": "member.coachinstuction",
    "pk": 1,
    "fields": {
      "badgeName": "kickups",
      "tipType": "I",
      "description": "Kickups gives you a good first touch"
    }
  },
  {
    "model": "member.coachinstuction",
    "pk": 2,
    "fields": {
      "badgeName": "kickups",
      "tipType": "T",
      "description": "Start throw and catch"
    }
  },
  {
    "model": "member.coachinstuction",
    "pk": 4,
    "fields": {
      "badgeName": "kickups",
      "tipType": "T",
      "description": "Keep your eyes on the ball"
    }
  },
  {
    "model": "member.coachinstuction",
    "pk": 5,
    "fields": {
      "badgeName": "kickups",
      "tipType": "T",
      "description": "Stay on your toes"
    }
  },
  {
    "model": "member.coachinstuction",
    "pk": 6,
    "fields": {
      "badgeName": "kickups",
      "tipType": "T",
      "description": "Keep it slow"
    }
  },
  {
    "model": "member.coachinstuction",
    "pk": 7,
    "fields": {
      "badgeName": "kickups",
      "tipType": "W",
      "description": "Dont kick it too hard"
    }
  },
  {
    "model": "member.coachinstuction",
    "pk": 8,
    "fields": {
      "badgeName": "kickups",
      "tipType": "W",
      "description": "Dont lean too far back"
    }
  },
  {
    "model": "member.coachinstuction",
    "pk": 9,
    "fields": {
      "badgeName": "kickups",
      "tipType": "T",
      "description": "Toes Pointing Upwards"
    }
  },
  {
    "model": "member.coachinstuction",
    "pk": 10,
    "fields": {
      "badgeName": "firsttouch",
      "tipType": "T",
      "description": "Play on your toes to help reactions"
    }
  },
  {
    "model": "member.coachinstuction",
    "pk": 11,
    "fields": {
      "badgeName": "kickups",
      "tipType": "I",
      "description": "Singles kick and catch"
    }
  },
  {
    "model": "member.coachinstuction",
    "pk": 12,
    "fields": {
      "badgeName": "kickups",
      "tipType": "I",
      "description": "Use both feet"
    }
  },
  {
    "model": "member.coachinstuction",
    "pk": 13,
    "fields": {
      "badgeName": "kickups",
      "tipType": "I",
      "description": "Try bounce kickups - 1 bounce / 1 kick / 1 bounce"
    }
  },
  {
    "model": "member.coachinstuction",
    "pk": 14,
    "fields": {
      "badgeName": "kickups",
      "tipType": "I",
      "description": "Increase to two kicks then catch so you can do it consistently"
    }
  },
  {
    "model": "member.coachinstuction",
    "pk": 15,
    "fields": {
      "badgeName": "kickups",
      "tipType": "I",
      "description": "Keep increasing as your confidence grows"
    }
  },
  {
    "model": "member.coachinstuction",
    "pk": 16,
    "fields": {
      "badgeName": "kickups",
      "tipType": "I",
      "description": "Use different body parts"
    }
  },
  {
    "model": "member.coachinstuction",
    "pk": 17,
    "fields": {
      "badgeName": "toetaps",
      "tipType": "I",
      "description": "Start with strong foot rolling the ball"
    }
  },
  {
    "model": "member.coachinstuction",
    "pk": 18,
    "fields": {
      "badgeName": "toetaps",
      "tipType": "I",
      "description": "Use both feet slowly manipulate the ball"
    }
  },
  {
    "model": "member.coachinstuction",
    "pk": 19,
    "fields": {
      "badgeName": "toetaps",
      "tipType": "I",
      "description": "Change direction keeping the ball controlled"
    }
  },
  {
    "model": "member.coachinstuction",
    "pk": 20,
    "fields": {
      "badgeName": "toetaps",
      "tipType": "I",
      "description": "Freestyle Skills"
    }
  },
  {
    "model": "member.coachinstuction",
    "pk": 21,
    "fields": {
      "badgeName": "toetaps",
      "tipType": "T",
      "description": "Start Slow"
    }
  },
  {
    "model": "member.coachinstuction",
    "pk": 22,
    "fields": {
      "badgeName": "toetaps",
      "tipType": "T",
      "description": "Keep the ball under control"
    }
  },
  {
    "model": "member.coachinstuction",
    "pk": 23,
    "fields": {
      "badgeName": "toetaps",
      "tipType": "T",
      "description": "Lift your knees properly"
    }
  },
  {
    "model": "member.coachinstuction",
    "pk": 24,
    "fields": {
      "badgeName": "firsttouch",
      "tipType": "I",
      "description": "Comfortable receiving the ball in tight areas"
    }
  },
  {
    "model": "member.coachinstuction",
    "pk": 25,
    "fields": {
      "badgeName": "firsttouch",
      "tipType": "I",
      "description": "Comfortable playing with both feet"
    }
  },
  {
    "model": "member.coachinstuction",
    "pk": 26,
    "fields": {
      "badgeName": "firsttouch",
      "tipType": "I",
      "description": "A good first touch gives you more time"
    }
  },
  {
    "model": "member.coachinstuction",
    "pk": 27,
    "fields": {
      "badgeName": "firsttouch",
      "tipType": "I",
      "description": "Can use any body part to control"
    }
  },
  {
    "model": "member.coachinstuction",
    "pk": 28,
    "fields": {
      "badgeName": "firsttouch",
      "tipType": "T",
      "description": "Use the nearest body part to control the ball"
    }
  },
  {
    "model": "member.coachinstuction",
    "pk": 29,
    "fields": {
      "badgeName": "firsttouch",
      "tipType": "W",
      "description": "Don't just use your strong foot"
    }
  },
  {
    "model": "member.coachinstuction",
    "pk": 30,
    "fields": {
      "badgeName": "firsttouch",
      "tipType": "T",
      "description": "Keep your eyes on the ball -  Observation"
    }
  },
  {
    "model": "member.coachinstuction",
    "pk": 31,
    "fields": {
      "badgeName": "firsttouch",
      "tipType": "T",
      "description": "First touch should place the ball ready for the next movement"
    }
  },
  {
    "model": "member.coachinstuction",
    "pk": 32,
    "fields": {
      "badgeName": "goalkeeper",
      "tipType": "I",
      "description": "Use stong technique to collect the ball (Scoop, W and Cup)"
    }
  },
  {
    "model": "member.coachinstuction",
    "pk": 33,
    "fields": {
      "badgeName": "goalkeeper",
      "tipType": "T",
      "description": "Always be on your toes to support you reactions"
    }
  },
  {
    "model": "member.coachinstuction",
    "pk": 34,
    "fields": {
      "badgeName": "goalkeeper",
      "tipType": "I",
      "description": "Use good footwork to narrow the angles of the shot (ABC's)"
    }
  },
  {
    "model": "member.coachinstuction",
    "pk": 35,
    "fields": {
      "badgeName": "goalkeeper",
      "tipType": "I",
      "description": "Good pass distribution using hands and feet (off the floor and out of hands) "
    }
  },
  {
    "model": "member.coachinstuction",
    "pk": 36,
    "fields": {
      "badgeName": "goalkeeper",
      "tipType": "I",
      "description": "Make good decisions about your positioning"
    }
  },
  {
    "model": "member.coachinstuction",
    "pk": 37,
    "fields": {
      "badgeName": "goalkeeper",
      "tipType": "T",
      "description": "Your hands should be in the correct positons"
    }
  },
  {
    "model": "member.coachinstuction",
    "pk": 38,
    "fields": {
      "badgeName": "toetaps",
      "tipType": "T",
      "description": "Use different parts of the feet increasing speed and ball manipulations"
    }
  },
  {
    "model": "member.coachinstuction",
    "pk": 39,
    "fields": {
      "badgeName": "passing",
      "tipType": "T",
      "description": "For shorter passing use the inside of your foot for accuracy"
    }
  },
  {
    "model": "member.coachinstuction",
    "pk": 40,
    "fields": {
      "badgeName": "passing",
      "tipType": "T",
      "description": "Long passes should be driven through like a shot"
    }
  },
  {
    "model": "member.coachinstuction",
    "pk": 41,
    "fields": {
      "badgeName": "passing",
      "tipType": "W",
      "description": "Don't forget the follow through on your contact"
    }
  },
  {
    "model": "member.coachinstuction",
    "pk": 42,
    "fields": {
      "badgeName": "passing",
      "tipType": "T",
      "description": "Watch for your team mates movement and runs into space"
    }
  },
  {
    "model": "member.coachinstuction",
    "pk": 43,
    "fields": {
      "badgeName": "passing",
      "tipType": "T",
      "description": "Practice hard with both feet, playing with two feet will give you more time"
    }
  },
  {
    "model": "member.coachinstuction",
    "pk": 45,
    "fields": {
      "badgeName": "passing",
      "tipType": "I",
      "description": "In football possession of the ball is key"
    }
  },
  {
    "model": "member.coachinstuction",
    "pk": 46,
    "fields": {
      "badgeName": "passing",
      "tipType": "I",
      "description": "Keeping the ball in your team through passing is one of the most important skills"
    }
  },
  {
    "model": "member.coachinstuction",
    "pk": 47,
    "fields": {
      "badgeName": "passing",
      "tipType": "I",
      "description": "Players should have a good range of passing - Short and Long"
    }
  },
  {
    "model": "member.coachinstuction",
    "pk": 48,
    "fields": {
      "badgeName": "passing",
      "tipType": "I",
      "description": "Players should be able to pass with both feet"
    }
  },
  {
    "model": "member.coachinstuction",
    "pk": 49,
    "fields": {
      "badgeName": "passing",
      "tipType": "I",
      "description": "Inside, Outside, Heel and Laces are all options for passing"
    }
  },
  {
    "model": "auth.permission",
    "pk": 1,
    "fields": {
      "name": "Can add log entry",
      "content_type": 1,
      "codename": "add_logentry"
    }
  },
  {
    "model": "auth.permission",
    "pk": 2,
    "fields": {
      "name": "Can change log entry",
      "content_type": 1,
      "codename": "change_logentry"
    }
  },
  {
    "model": "auth.permission",
    "pk": 3,
    "fields": {
      "name": "Can delete log entry",
      "content_type": 1,
      "codename": "delete_logentry"
    }
  },
  {
    "model": "auth.permission",
    "pk": 4,
    "fields": {
      "name": "Can add permission",
      "content_type": 2,
      "codename": "add_permission"
    }
  },
  {
    "model": "auth.permission",
    "pk": 5,
    "fields": {
      "name": "Can change permission",
      "content_type": 2,
      "codename": "change_permission"
    }
  },
  {
    "model": "auth.permission",
    "pk": 6,
    "fields": {
      "name": "Can delete permission",
      "content_type": 2,
      "codename": "delete_permission"
    }
  },
  {
    "model": "auth.permission",
    "pk": 7,
    "fields": {
      "name": "Can add user",
      "content_type": 3,
      "codename": "add_user"
    }
  },
  {
    "model": "auth.permission",
    "pk": 8,
    "fields": {
      "name": "Can change user",
      "content_type": 3,
      "codename": "change_user"
    }
  },
  {
    "model": "auth.permission",
    "pk": 9,
    "fields": {
      "name": "Can delete user",
      "content_type": 3,
      "codename": "delete_user"
    }
  },
  {
    "model": "auth.permission",
    "pk": 10,
    "fields": {
      "name": "Can add group",
      "content_type": 4,
      "codename": "add_group"
    }
  },
  {
    "model": "auth.permission",
    "pk": 11,
    "fields": {
      "name": "Can change group",
      "content_type": 4,
      "codename": "change_group"
    }
  },
  {
    "model": "auth.permission",
    "pk": 12,
    "fields": {
      "name": "Can delete group",
      "content_type": 4,
      "codename": "delete_group"
    }
  },
  {
    "model": "auth.permission",
    "pk": 13,
    "fields": {
      "name": "Can add content type",
      "content_type": 5,
      "codename": "add_contenttype"
    }
  },
  {
    "model": "auth.permission",
    "pk": 14,
    "fields": {
      "name": "Can change content type",
      "content_type": 5,
      "codename": "change_contenttype"
    }
  },
  {
    "model": "auth.permission",
    "pk": 15,
    "fields": {
      "name": "Can delete content type",
      "content_type": 5,
      "codename": "delete_contenttype"
    }
  },
  {
    "model": "auth.permission",
    "pk": 16,
    "fields": {
      "name": "Can add session",
      "content_type": 6,
      "codename": "add_session"
    }
  },
  {
    "model": "auth.permission",
    "pk": 17,
    "fields": {
      "name": "Can change session",
      "content_type": 6,
      "codename": "change_session"
    }
  },
  {
    "model": "auth.permission",
    "pk": 18,
    "fields": {
      "name": "Can delete session",
      "content_type": 6,
      "codename": "delete_session"
    }
  },
  {
    "model": "auth.permission",
    "pk": 19,
    "fields": {
      "name": "Can add user member",
      "content_type": 7,
      "codename": "add_usermember"
    }
  },
  {
    "model": "auth.permission",
    "pk": 20,
    "fields": {
      "name": "Can change user member",
      "content_type": 7,
      "codename": "change_usermember"
    }
  },
  {
    "model": "auth.permission",
    "pk": 21,
    "fields": {
      "name": "Can delete user member",
      "content_type": 7,
      "codename": "delete_usermember"
    }
  },
  {
    "model": "auth.permission",
    "pk": 22,
    "fields": {
      "name": "Can add contact",
      "content_type": 8,
      "codename": "add_contact"
    }
  },
  {
    "model": "auth.permission",
    "pk": 23,
    "fields": {
      "name": "Can change contact",
      "content_type": 8,
      "codename": "change_contact"
    }
  },
  {
    "model": "auth.permission",
    "pk": 24,
    "fields": {
      "name": "Can delete contact",
      "content_type": 8,
      "codename": "delete_contact"
    }
  },
  {
    "model": "auth.permission",
    "pk": 25,
    "fields": {
      "name": "Can add badges",
      "content_type": 9,
      "codename": "add_badges"
    }
  },
  {
    "model": "auth.permission",
    "pk": 26,
    "fields": {
      "name": "Can change badges",
      "content_type": 9,
      "codename": "change_badges"
    }
  },
  {
    "model": "auth.permission",
    "pk": 27,
    "fields": {
      "name": "Can delete badges",
      "content_type": 9,
      "codename": "delete_badges"
    }
  },
  {
    "model": "auth.permission",
    "pk": 28,
    "fields": {
      "name": "Can add badge assesments",
      "content_type": 10,
      "codename": "add_badgeassesments"
    }
  },
  {
    "model": "auth.permission",
    "pk": 29,
    "fields": {
      "name": "Can change badge assesments",
      "content_type": 10,
      "codename": "change_badgeassesments"
    }
  },
  {
    "model": "auth.permission",
    "pk": 30,
    "fields": {
      "name": "Can delete badge assesments",
      "content_type": 10,
      "codename": "delete_badgeassesments"
    }
  },
  {
    "model": "auth.permission",
    "pk": 31,
    "fields": {
      "name": "Can add badge awards",
      "content_type": 11,
      "codename": "add_badgeawards"
    }
  },
  {
    "model": "auth.permission",
    "pk": 32,
    "fields": {
      "name": "Can change badge awards",
      "content_type": 11,
      "codename": "change_badgeawards"
    }
  },
  {
    "model": "auth.permission",
    "pk": 33,
    "fields": {
      "name": "Can delete badge awards",
      "content_type": 11,
      "codename": "delete_badgeawards"
    }
  },
  {
    "model": "auth.permission",
    "pk": 37,
    "fields": {
      "name": "Can add coach instuction",
      "content_type": 13,
      "codename": "add_coachinstuction"
    }
  },
  {
    "model": "auth.permission",
    "pk": 38,
    "fields": {
      "name": "Can change coach instuction",
      "content_type": 13,
      "codename": "change_coachinstuction"
    }
  },
  {
    "model": "auth.permission",
    "pk": 39,
    "fields": {
      "name": "Can delete coach instuction",
      "content_type": 13,
      "codename": "delete_coachinstuction"
    }
  },
  {
    "model": "auth.permission",
    "pk": 40,
    "fields": {
      "name": "Can add registration profile",
      "content_type": 14,
      "codename": "add_registrationprofile"
    }
  },
  {
    "model": "auth.permission",
    "pk": 41,
    "fields": {
      "name": "Can change registration profile",
      "content_type": 14,
      "codename": "change_registrationprofile"
    }
  },
  {
    "model": "auth.permission",
    "pk": 42,
    "fields": {
      "name": "Can delete registration profile",
      "content_type": 14,
      "codename": "delete_registrationprofile"
    }
  },
  {
    "model": "auth.permission",
    "pk": 43,
    "fields": {
      "name": "Can add badge media",
      "content_type": 15,
      "codename": "add_badgemedia"
    }
  },
  {
    "model": "auth.permission",
    "pk": 44,
    "fields": {
      "name": "Can change badge media",
      "content_type": 15,
      "codename": "change_badgemedia"
    }
  },
  {
    "model": "auth.permission",
    "pk": 45,
    "fields": {
      "name": "Can delete badge media",
      "content_type": 15,
      "codename": "delete_badgemedia"
    }
  },
  {
    "model": "auth.permission",
    "pk": 46,
    "fields": {
      "name": "Can add team managers",
      "content_type": 16,
      "codename": "add_teammanagers"
    }
  },
  {
    "model": "auth.permission",
    "pk": 47,
    "fields": {
      "name": "Can change team managers",
      "content_type": 16,
      "codename": "change_teammanagers"
    }
  },
  {
    "model": "auth.permission",
    "pk": 48,
    "fields": {
      "name": "Can delete team managers",
      "content_type": 16,
      "codename": "delete_teammanagers"
    }
  },
  {
    "model": "auth.user",
    "pk": 2,
    "fields": {
      "password": "pbkdf2_sha256$30000$3dFsVO8h5ywN$A1G65rzxrRyDvvv7wA21m1KzbE2GO0vbHZJsgRq83es=",
      "last_login": "2017-10-22T20:04:01.898Z",
      "is_superuser": true,
      "username": "imacdonald",
      "first_name": "",
      "last_name": "",
      "email": "iain.macdonald@williamhill.com",
      "is_staff": true,
      "is_active": true,
      "date_joined": "2017-04-24T23:02:17Z",
      "groups": [],
      "user_permissions": [
        1,
        2,
        3,
        10,
        11,
        12,
        4,
        5,
        6,
        7,
        8,
        9,
        13,
        14,
        15,
        28,
        29,
        30,
        31,
        32,
        33,
        25,
        26,
        27,
        37,
        38,
        39,
        22,
        23,
        24,
        19,
        20,
        21,
        40,
        41,
        42,
        16,
        17,
        18
      ]
    }
  },
  {
    "model": "auth.user",
    "pk": 3,
    "fields": {
      "password": "pbkdf2_sha256$30000$ZQZITrwSe2t7$QbXSIy2eleR+zv1FkhHQ4ilfk44wc/7sazxfeFRTqHk=",
      "last_login": "2017-10-22T15:28:45.679Z",
      "is_superuser": false,
      "username": "cmacdonald",
      "first_name": "",
      "last_name": "",
      "email": "cameronjamesmacdonald@gmail.com",
      "is_staff": false,
      "is_active": true,
      "date_joined": "2017-04-24T23:08:11Z",
      "groups": [],
      "user_permissions": []
    }
  },
  {
    "model": "auth.user",
    "pk": 4,
    "fields": {
      "password": "pbkdf2_sha256$30000$D1caGRj1D13b$vmVYB4+SCCkIczKW2IqmSlzFdiGsLOooY9lFRdWGpgQ=",
      "last_login": "2017-04-24T23:16:24.362Z",
      "is_superuser": true,
      "username": "administrator",
      "first_name": "",
      "last_name": "",
      "email": "iain.macdonald@williamhill.com",
      "is_staff": true,
      "is_active": true,
      "date_joined": "2017-04-24T23:16:07.604Z",
      "groups": [],
      "user_permissions": []
    }
  },
  {
    "model": "auth.user",
    "pk": 5,
    "fields": {
      "password": "pbkdf2_sha256$30000$kqt6TCSGIFiQ$M9TWCQwL3Jw/cmNaqLmgnH5awp6UfYMMKGbB+B5IYd8=",
      "last_login": "2017-06-05T17:25:56.992Z",
      "is_superuser": false,
      "username": "zrobbins",
      "first_name": "",
      "last_name": "",
      "email": "darren.robbins@yahoo.co.uk",
      "is_staff": false,
      "is_active": true,
      "date_joined": "2017-04-25T05:13:53.984Z",
      "groups": [],
      "user_permissions": []
    }
  },
  {
    "model": "auth.user",
    "pk": 6,
    "fields": {
      "password": "pbkdf2_sha256$30000$6Umd1BcsSrFe$cUsZVRV+taIQXXOopputhadqQ2m1jUkPaW8wmL1KYF0=",
      "last_login": "2017-04-25T05:22:42.045Z",
      "is_superuser": false,
      "username": "estokes",
      "first_name": "",
      "last_name": "",
      "email": "gareth.stokes@02.com",
      "is_staff": false,
      "is_active": true,
      "date_joined": "2017-04-25T05:22:41.654Z",
      "groups": [],
      "user_permissions": []
    }
  },
  {
    "model": "auth.user",
    "pk": 7,
    "fields": {
      "password": "pbkdf2_sha256$30000$lbwIhVJiKR4t$rbmkg0sHWQzCoKAI1oHrNaQFOxTtaAoqgFfyrKGjAwg=",
      "last_login": "2017-05-19T19:28:17.224Z",
      "is_superuser": false,
      "username": "scurran",
      "first_name": "",
      "last_name": "",
      "email": "paul.curran3@sky.com",
      "is_staff": false,
      "is_active": true,
      "date_joined": "2017-04-25T05:31:51.421Z",
      "groups": [],
      "user_permissions": []
    }
  },
  {
    "model": "auth.user",
    "pk": 9,
    "fields": {
      "password": "pbkdf2_sha256$30000$9sl5rYdaUUYW$uhyF5hUgm1UDd34T1Z4ymvvyctdh1m9oLCttG6x0SVk=",
      "last_login": "2017-04-26T07:08:52.155Z",
      "is_superuser": false,
      "username": "ukola",
      "first_name": "Umair",
      "last_name": "Kola",
      "email": "k7ola@yahoo.co.uk",
      "is_staff": false,
      "is_active": true,
      "date_joined": "2017-04-26T07:03:39Z",
      "groups": [],
      "user_permissions": []
    }
  },
  {
    "model": "auth.user",
    "pk": 10,
    "fields": {
      "password": "pbkdf2_sha256$30000$uvvCNVY9fcW0$O5DbS+YufD+AWJBr/pcEMn1nW+Q3POLUDDeLmrxEmoY=",
      "last_login": "2017-06-02T14:27:50.213Z",
      "is_superuser": false,
      "username": "Abarraclough",
      "first_name": "",
      "last_name": "",
      "email": "Melbarraclough1@gmail.com",
      "is_staff": false,
      "is_active": true,
      "date_joined": "2017-05-06T18:23:02.188Z",
      "groups": [],
      "user_permissions": []
    }
  },
  {
    "model": "auth.user",
    "pk": 11,
    "fields": {
      "password": "pbkdf2_sha256$30000$TSwMyfD7ownt$1mjmWW/ycs8tvigsbnGZoRJWnTsWsJPHbQ3boPzVgV4=",
      "last_login": "2017-05-09T06:24:31.477Z",
      "is_superuser": false,
      "username": "ehildon",
      "first_name": "",
      "last_name": "",
      "email": "jacqui_cotton@yahoo.co.uk",
      "is_staff": false,
      "is_active": true,
      "date_joined": "2017-05-08T19:12:23.705Z",
      "groups": [],
      "user_permissions": []
    }
  },
  {
    "model": "auth.user",
    "pk": 12,
    "fields": {
      "password": "pbkdf2_sha256$30000$gbef3UI25byj$D3ab5EpmFgV0jvmCobOcjvdUJce3KwvD4InOlKjIjlU=",
      "last_login": "2017-05-10T20:15:35.085Z",
      "is_superuser": false,
      "username": "sboodhoo",
      "first_name": "",
      "last_name": "",
      "email": "soniaboodhoo@live.com",
      "is_staff": false,
      "is_active": true,
      "date_joined": "2017-05-10T20:15:34.289Z",
      "groups": [],
      "user_permissions": []
    }
  },
  {
    "model": "auth.user",
    "pk": 14,
    "fields": {
      "password": "pbkdf2_sha256$30000$6QS7Fhc5Wris$mYEwfkFB8jctHM6CAdTs8N3wmyxWfL3lwMTkY0jdgIA=",
      "last_login": "2017-05-15T16:58:11.902Z",
      "is_superuser": false,
      "username": "Zacjones",
      "first_name": "",
      "last_name": "",
      "email": "gemma_jones2@sky.com",
      "is_staff": false,
      "is_active": true,
      "date_joined": "2017-05-15T16:58:11.356Z",
      "groups": [],
      "user_permissions": []
    }
  },
  {
    "model": "auth.user",
    "pk": 15,
    "fields": {
      "password": "pbkdf2_sha256$30000$Pk0bxzYN54Gh$FnhbJrytUUuNxPcG//g21ggBGx1Z/a+1OnUnH49vZb8=",
      "last_login": "2017-08-19T08:08:04.783Z",
      "is_superuser": false,
      "username": "OBooth",
      "first_name": "",
      "last_name": "",
      "email": "jskitt@sky.com",
      "is_staff": false,
      "is_active": true,
      "date_joined": "2017-05-17T20:46:38.835Z",
      "groups": [],
      "user_permissions": []
    }
  },
  {
    "model": "auth.user",
    "pk": 16,
    "fields": {
      "password": "pbkdf2_sha256$30000$LXs61osJbpsm$Mwyvsk+QcOfm2WQIjSvKeya1Cv0RR0DIqWWFTCsptLY=",
      "last_login": "2017-05-23T18:52:15.068Z",
      "is_superuser": false,
      "username": "Thomas_09_Lomax",
      "first_name": "",
      "last_name": "",
      "email": "andrew.lomax@hotmail.co.uk",
      "is_staff": false,
      "is_active": true,
      "date_joined": "2017-05-23T18:50:38.104Z",
      "groups": [],
      "user_permissions": []
    }
  },
  {
    "model": "auth.user",
    "pk": 17,
    "fields": {
      "password": "pbkdf2_sha256$30000$IBwLqTsS3WFX$r62dC47OiUfBgwsekwPM1GV3cR2lLyI2RguRQtGSV2Q=",
      "last_login": "2017-05-27T06:53:28.555Z",
      "is_superuser": false,
      "username": "Foster.E.1109",
      "first_name": "",
      "last_name": "",
      "email": "foster.l5@sky.com",
      "is_staff": false,
      "is_active": true,
      "date_joined": "2017-05-27T06:53:28.200Z",
      "groups": [],
      "user_permissions": []
    }
  },
  {
    "model": "auth.user",
    "pk": 18,
    "fields": {
      "password": "pbkdf2_sha256$30000$SWd3STbATWxT$PyvIlv2sSx2/TtZsMzvE88r540uRcxd8V+oXw3iufxw=",
      "last_login": "2017-05-27T22:32:01.801Z",
      "is_superuser": false,
      "username": "Ruthnben",
      "first_name": "",
      "last_name": "",
      "email": "ruthnben@sky.com",
      "is_staff": false,
      "is_active": true,
      "date_joined": "2017-05-27T06:56:47.755Z",
      "groups": [],
      "user_permissions": []
    }
  },
  {
    "model": "auth.user",
    "pk": 19,
    "fields": {
      "password": "pbkdf2_sha256$30000$8PrwxzKylvzL$YFpRASszJNIWO38l0ZNyJjNaB0y+BCcYXbt6tbLlD7s=",
      "last_login": "2017-05-27T07:02:18.737Z",
      "is_superuser": false,
      "username": "Gstokes82",
      "first_name": "",
      "last_name": "",
      "email": "gareth.stokes@o2.com",
      "is_staff": false,
      "is_active": true,
      "date_joined": "2017-05-27T07:02:18.168Z",
      "groups": [],
      "user_permissions": []
    }
  },
  {
    "model": "auth.user",
    "pk": 20,
    "fields": {
      "password": "pbkdf2_sha256$30000$CcgS36fbWRoV$r1n55OneVkSRq2fQbPcBgVwrgaciRPqCdQ7kwLwn8ec=",
      "last_login": "2017-09-12T15:22:26.630Z",
      "is_superuser": true,
      "username": "super",
      "first_name": "",
      "last_name": "",
      "email": "",
      "is_staff": true,
      "is_active": true,
      "date_joined": "2017-05-27T16:22:45.744Z",
      "groups": [],
      "user_permissions": []
    }
  },
  {
    "model": "auth.user",
    "pk": 21,
    "fields": {
      "password": "pbkdf2_sha256$30000$Ku1DIFj8jGza$OfpSKgGCLBjdo0iCEEXHEIq97bX3OXoNvxdKUu1tadc=",
      "last_login": "2017-05-27T22:39:05.579Z",
      "is_superuser": false,
      "username": "Tylerwynn",
      "first_name": "",
      "last_name": "",
      "email": "ultimatecollectsbles@hotmail.co.uk",
      "is_staff": false,
      "is_active": true,
      "date_joined": "2017-05-27T22:39:05.156Z",
      "groups": [],
      "user_permissions": []
    }
  },
  {
    "model": "auth.user",
    "pk": 22,
    "fields": {
      "password": "pbkdf2_sha256$30000$HRapO5W7DcRR$zFWmzg3HweWRtcxVCdQUk8JH17/14SXbdVDDCzljMCY=",
      "last_login": "2017-07-06T10:18:14.970Z",
      "is_superuser": false,
      "username": "Addison_Craft",
      "first_name": "",
      "last_name": "",
      "email": "h.pool@aol.co.uk",
      "is_staff": false,
      "is_active": true,
      "date_joined": "2017-05-28T15:53:19.983Z",
      "groups": [],
      "user_permissions": []
    }
  },
  {
    "model": "auth.user",
    "pk": 23,
    "fields": {
      "password": "pbkdf2_sha256$30000$WhS5aTVKUrkm$1chTurpr8AfaMiE3Y9pSqfyyZVvx0TuqnlVx91WGdZw=",
      "last_login": "2017-10-21T13:19:08.328Z",
      "is_superuser": true,
      "username": "Philellerby",
      "first_name": "",
      "last_name": "",
      "email": "philellerby@me.com",
      "is_staff": true,
      "is_active": true,
      "date_joined": "2017-07-20T11:53:59Z",
      "groups": [],
      "user_permissions": []
    }
  },
  {
    "model": "auth.user",
    "pk": 24,
    "fields": {
      "password": "pbkdf2_sha256$30000$wsa4j192LZGr$02rQBkbOX/fBO2OtxTcbmfTbTvG2dxPaXrklgebDlsI=",
      "last_login": "2017-08-19T08:03:38.526Z",
      "is_superuser": false,
      "username": "Jskitt",
      "first_name": "",
      "last_name": "",
      "email": "jskitt@sky.com",
      "is_staff": false,
      "is_active": true,
      "date_joined": "2017-08-19T08:03:00.210Z",
      "groups": [],
      "user_permissions": []
    }
  },
  {
    "model": "member.usermember",
    "pk": 1,
    "fields": {
      "user": 5,
      "managerId": 1,
      "gender": "M",
      "full_name": "Zach Robbins",
      "favourite_player": "Messi",
      "favourite_team": "Leeds United",
      "birthdate": "2009-01-04",
      "slug": "zach-robbins",
      "consent": true
    }
  },
  {
    "model": "member.usermember",
    "pk": 2,
    "fields": {
      "user": 6,
      "managerId": 1,
      "gender": "M",
      "full_name": "Evan Stokes",
      "favourite_player": "Ronaldo",
      "favourite_team": "Leeds United",
      "birthdate": "2009-04-27",
      "slug": "evan-stokes",
      "consent": true
    }
  },
  {
    "model": "member.usermember",
    "pk": 3,
    "fields": {
      "user": 9,
      "managerId": 1,
      "gender": "M",
      "full_name": "Umair Kola",
      "favourite_player": "Messi",
      "favourite_team": "Manchester United",
      "birthdate": "2017-04-26",
      "slug": "umair-kola",
      "consent": true
    }
  },
  {
    "model": "member.usermember",
    "pk": 4,
    "fields": {
      "user": 10,
      "managerId": 1,
      "gender": "M",
      "full_name": "Alfie barraclough",
      "favourite_player": "Pele",
      "favourite_team": "Real madrid",
      "birthdate": "2009-05-12",
      "slug": "alfie-barraclough",
      "consent": true
    }
  },
  {
    "model": "member.usermember",
    "pk": 5,
    "fields": {
      "user": 11,
      "managerId": 1,
      "gender": "M",
      "full_name": "Eddie Hildon",
      "favourite_player": "Romelu Lukaku",
      "favourite_team": "Everton",
      "birthdate": "2009-04-04",
      "slug": "eddie-hildon",
      "consent": true
    }
  },
  {
    "model": "member.usermember",
    "pk": 6,
    "fields": {
      "user": 12,
      "managerId": 1,
      "gender": "M",
      "full_name": "Sidhish Boodhoo",
      "favourite_player": "Sergio Ag\u00fcero",
      "favourite_team": "FC Bayern Munich",
      "birthdate": "2009-01-20",
      "slug": "sidhish-boodhoo",
      "consent": true
    }
  },
  {
    "model": "member.usermember",
    "pk": 8,
    "fields": {
      "user": 14,
      "managerId": 1,
      "gender": "M",
      "full_name": "Zac Martyn Jones",
      "favourite_player": "Harry Kane",
      "favourite_team": "Leeds",
      "birthdate": "2009-05-01",
      "slug": "zac-martyn-jones",
      "consent": true
    }
  },
  {
    "model": "member.usermember",
    "pk": 9,
    "fields": {
      "user": 15,
      "managerId": 1,
      "gender": "M",
      "full_name": "Oscar Booth",
      "favourite_player": "Adam Lallana",
      "favourite_team": "Liverpool",
      "birthdate": "2009-07-08",
      "slug": "oscar-booth",
      "consent": true
    }
  },
  {
    "model": "member.usermember",
    "pk": 10,
    "fields": {
      "user": 17,
      "managerId": 1,
      "gender": "F",
      "full_name": "Ellie Foster",
      "favourite_player": "Lucy Bronze",
      "favourite_team": "Manchester City ladies",
      "birthdate": "2008-09-11",
      "slug": "ellie-foster",
      "consent": true
    }
  },
  {
    "model": "member.usermember",
    "pk": 11,
    "fields": {
      "user": 18,
      "managerId": 1,
      "gender": "F",
      "full_name": "Grace Stott",
      "favourite_player": "Isahiah brown",
      "favourite_team": "Huddersfield town",
      "birthdate": "2009-03-31",
      "slug": "grace-stott",
      "consent": true
    }
  },
  {
    "model": "member.usermember",
    "pk": 12,
    "fields": {
      "user": 3,
      "managerId": 1,
      "gender": "M",
      "full_name": "Cameron Madonald",
      "favourite_player": "Chris Wood",
      "favourite_team": "Leeds United",
      "birthdate": "2009-07-08",
      "slug": "cameron-madonald",
      "consent": true
    }
  },
  {
    "model": "member.usermember",
    "pk": 13,
    "fields": {
      "user": 22,
      "managerId": 1,
      "gender": "M",
      "full_name": "Addison Craft",
      "favourite_player": "Cristiano Ronaldo",
      "favourite_team": "Real Madrid",
      "birthdate": "2009-06-25",
      "slug": "addison-craft",
      "consent": true
    }
  },
  {
    "model": "member.usermember",
    "pk": 14,
    "fields": {
      "user": 23,
      "managerId": 2,
      "gender": "M",
      "full_name": "Phil Ellerby",
      "favourite_player": "Joshua Ellerby",
      "favourite_team": "Hull City",
      "birthdate": "1981-08-18",
      "slug": "phil-ellerby",
      "consent": true
    }
  },
  {
    "model": "member.badgeawards",
    "pk": 11,
    "fields": {
      "userId": 3,
      "badgeId": 14,
      "dateAwarded": "2017-05-27",
      "score": "120.00",
      "comments": "Completed in Training",
      "managerId": 1
    }
  },
  {
    "model": "member.badgeawards",
    "pk": 12,
    "fields": {
      "userId": 7,
      "badgeId": 14,
      "dateAwarded": "2017-05-27",
      "score": "45.00",
      "comments": "Completed in Training",
      "managerId": 1
    }
  },
  {
    "model": "member.badgeawards",
    "pk": 13,
    "fields": {
      "userId": 17,
      "badgeId": 14,
      "dateAwarded": "2017-05-27",
      "score": "120.00",
      "comments": "Completed in Training - Side Taps",
      "managerId": 1
    }
  },
  {
    "model": "member.badgeawards",
    "pk": 14,
    "fields": {
      "userId": 19,
      "badgeId": 14,
      "dateAwarded": "2017-05-27",
      "score": "140.00",
      "comments": "Completed in Training - Side Taps",
      "managerId": 1
    }
  },
  {
    "model": "member.badgeawards",
    "pk": 15,
    "fields": {
      "userId": 21,
      "badgeId": 14,
      "dateAwarded": "2017-05-27",
      "score": "35.00",
      "comments": "Awarded in Training",
      "managerId": 1
    }
  },
  {
    "model": "member.badgeawards",
    "pk": 16,
    "fields": {
      "userId": 3,
      "badgeId": 35,
      "dateAwarded": "2017-09-23",
      "score": "0.00",
      "comments": "Good Solid performance",
      "managerId": 1
    }
  },
  {
    "model": "member.badgeawards",
    "pk": 17,
    "fields": {
      "userId": 6,
      "badgeId": 35,
      "dateAwarded": "2017-09-23",
      "score": "0.00",
      "comments": "Good Work",
      "managerId": 1
    }
  },
  {
    "model": "member.badgeawards",
    "pk": 18,
    "fields": {
      "userId": 7,
      "badgeId": 35,
      "dateAwarded": "2017-09-18",
      "score": "0.00",
      "comments": "Great effort for the first session",
      "managerId": 1
    }
  },
  {
    "model": "member.badgeawards",
    "pk": 19,
    "fields": {
      "userId": 21,
      "badgeId": 35,
      "dateAwarded": "2017-10-01",
      "score": "0.00",
      "comments": "Bulldogs",
      "managerId": 1
    }
  },
  {
    "model": "admin.logentry",
    "pk": 1,
    "fields": {
      "action_time": "2017-04-24T23:16:58.997Z",
      "user": 4,
      "content_type": 3,
      "object_id": "1",
      "object_repr": "iainm",
      "action_flag": 2,
      "change_message": "[{\"changed\": {\"fields\": [\"first_name\", \"last_name\"]}}]"
    }
  },
  {
    "model": "admin.logentry",
    "pk": 2,
    "fields": {
      "action_time": "2017-04-24T23:17:50.690Z",
      "user": 4,
      "content_type": 3,
      "object_id": "2",
      "object_repr": "imacdonald",
      "action_flag": 2,
      "change_message": "[]"
    }
  },
  {
    "model": "admin.logentry",
    "pk": 3,
    "fields": {
      "action_time": "2017-04-24T23:18:06.835Z",
      "user": 4,
      "content_type": 3,
      "object_id": "1",
      "object_repr": "iainm",
      "action_flag": 2,
      "change_message": "[]"
    }
  },
  {
    "model": "admin.logentry",
    "pk": 4,
    "fields": {
      "action_time": "2017-04-24T23:18:44.142Z",
      "user": 4,
      "content_type": 3,
      "object_id": "2",
      "object_repr": "imacdonald",
      "action_flag": 2,
      "change_message": "[{\"changed\": {\"fields\": [\"password\"]}}]"
    }
  },
  {
    "model": "admin.logentry",
    "pk": 5,
    "fields": {
      "action_time": "2017-04-24T23:19:04.034Z",
      "user": 4,
      "content_type": 3,
      "object_id": "1",
      "object_repr": "iainm",
      "action_flag": 2,
      "change_message": "[{\"changed\": {\"fields\": [\"password\"]}}]"
    }
  },
  {
    "model": "admin.logentry",
    "pk": 6,
    "fields": {
      "action_time": "2017-04-24T23:20:26.288Z",
      "user": 4,
      "content_type": 11,
      "object_id": "1",
      "object_repr": "BadgeAwards object",
      "action_flag": 1,
      "change_message": "[{\"added\": {}}]"
    }
  },
  {
    "model": "admin.logentry",
    "pk": 7,
    "fields": {
      "action_time": "2017-04-24T23:20:42.288Z",
      "user": 4,
      "content_type": 11,
      "object_id": "2",
      "object_repr": "BadgeAwards object",
      "action_flag": 1,
      "change_message": "[{\"added\": {}}]"
    }
  },
  {
    "model": "admin.logentry",
    "pk": 8,
    "fields": {
      "action_time": "2017-04-25T06:03:15.970Z",
      "user": 2,
      "content_type": 3,
      "object_id": "8",
      "object_repr": "clubevents",
      "action_flag": 3,
      "change_message": ""
    }
  },
  {
    "model": "admin.logentry",
    "pk": 9,
    "fields": {
      "action_time": "2017-04-25T06:03:29.376Z",
      "user": 2,
      "content_type": 3,
      "object_id": "1",
      "object_repr": "iainm",
      "action_flag": 3,
      "change_message": ""
    }
  },
  {
    "model": "admin.logentry",
    "pk": 10,
    "fields": {
      "action_time": "2017-04-26T07:03:40.202Z",
      "user": 2,
      "content_type": 3,
      "object_id": "9",
      "object_repr": "ukola",
      "action_flag": 1,
      "change_message": "[{\"added\": {}}]"
    }
  },
  {
    "model": "admin.logentry",
    "pk": 11,
    "fields": {
      "action_time": "2017-04-26T07:05:28.718Z",
      "user": 2,
      "content_type": 3,
      "object_id": "9",
      "object_repr": "ukola",
      "action_flag": 2,
      "change_message": "[{\"changed\": {\"fields\": [\"first_name\", \"last_name\", \"email\"]}}]"
    }
  },
  {
    "model": "admin.logentry",
    "pk": 12,
    "fields": {
      "action_time": "2017-04-26T07:07:02.749Z",
      "user": 2,
      "content_type": 7,
      "object_id": "3",
      "object_repr": "ukola",
      "action_flag": 1,
      "change_message": "[{\"added\": {}}]"
    }
  },
  {
    "model": "admin.logentry",
    "pk": 13,
    "fields": {
      "action_time": "2017-04-27T06:44:43.830Z",
      "user": 2,
      "content_type": 11,
      "object_id": "3",
      "object_repr": "BadgeAwards object",
      "action_flag": 1,
      "change_message": "[{\"added\": {}}]"
    }
  },
  {
    "model": "admin.logentry",
    "pk": 14,
    "fields": {
      "action_time": "2017-04-27T06:45:27.470Z",
      "user": 2,
      "content_type": 11,
      "object_id": "4",
      "object_repr": "BadgeAwards object",
      "action_flag": 1,
      "change_message": "[{\"added\": {}}]"
    }
  },
  {
    "model": "admin.logentry",
    "pk": 15,
    "fields": {
      "action_time": "2017-04-27T22:59:33.632Z",
      "user": 2,
      "content_type": 13,
      "object_id": "1",
      "object_repr": "kickups",
      "action_flag": 1,
      "change_message": "[{\"added\": {}}]"
    }
  },
  {
    "model": "admin.logentry",
    "pk": 16,
    "fields": {
      "action_time": "2017-04-27T23:00:11.531Z",
      "user": 2,
      "content_type": 13,
      "object_id": "2",
      "object_repr": "kickups",
      "action_flag": 1,
      "change_message": "[{\"added\": {}}]"
    }
  },
  {
    "model": "admin.logentry",
    "pk": 17,
    "fields": {
      "action_time": "2017-04-27T23:03:13.998Z",
      "user": 2,
      "content_type": 11,
      "object_id": "5",
      "object_repr": "BadgeAwards object",
      "action_flag": 1,
      "change_message": "[{\"added\": {}}]"
    }
  },
  {
    "model": "admin.logentry",
    "pk": 18,
    "fields": {
      "action_time": "2017-04-27T23:03:29.897Z",
      "user": 2,
      "content_type": 11,
      "object_id": "6",
      "object_repr": "BadgeAwards object",
      "action_flag": 1,
      "change_message": "[{\"added\": {}}]"
    }
  },
  {
    "model": "admin.logentry",
    "pk": 19,
    "fields": {
      "action_time": "2017-04-27T23:03:50.485Z",
      "user": 2,
      "content_type": 11,
      "object_id": "7",
      "object_repr": "BadgeAwards object",
      "action_flag": 1,
      "change_message": "[{\"added\": {}}]"
    }
  },
  {
    "model": "admin.logentry",
    "pk": 20,
    "fields": {
      "action_time": "2017-04-28T14:06:30.037Z",
      "user": 2,
      "content_type": 11,
      "object_id": "8",
      "object_repr": "BadgeAwards object",
      "action_flag": 1,
      "change_message": "[{\"added\": {}}]"
    }
  },
  {
    "model": "admin.logentry",
    "pk": 21,
    "fields": {
      "action_time": "2017-04-29T21:08:34.857Z",
      "user": 2,
      "content_type": 11,
      "object_id": "9",
      "object_repr": "BadgeAwards object",
      "action_flag": 1,
      "change_message": "[{\"added\": {}}]"
    }
  },
  {
    "model": "admin.logentry",
    "pk": 22,
    "fields": {
      "action_time": "2017-05-09T15:16:18.265Z",
      "user": 2,
      "content_type": 11,
      "object_id": "10",
      "object_repr": "BadgeAwards object",
      "action_flag": 1,
      "change_message": "[{\"added\": {}}]"
    }
  },
  {
    "model": "admin.logentry",
    "pk": 23,
    "fields": {
      "action_time": "2017-05-16T11:14:03.862Z",
      "user": 2,
      "content_type": 3,
      "object_id": "7",
      "object_repr": "scurran",
      "action_flag": 2,
      "change_message": "[{\"changed\": {\"fields\": [\"password\"]}}]"
    }
  },
  {
    "model": "admin.logentry",
    "pk": 24,
    "fields": {
      "action_time": "2017-05-27T19:11:06.435Z",
      "user": 20,
      "content_type": 11,
      "object_id": "11",
      "object_repr": "BadgeAwards object",
      "action_flag": 1,
      "change_message": "[{\"added\": {}}]"
    }
  },
  {
    "model": "admin.logentry",
    "pk": 25,
    "fields": {
      "action_time": "2017-05-27T21:50:22.803Z",
      "user": 20,
      "content_type": 9,
      "object_id": "36",
      "object_repr": "Teamwork Merit",
      "action_flag": 2,
      "change_message": "[{\"changed\": {\"fields\": [\"description\"]}}]"
    }
  },
  {
    "model": "admin.logentry",
    "pk": 26,
    "fields": {
      "action_time": "2017-05-27T21:50:43.599Z",
      "user": 20,
      "content_type": 9,
      "object_id": "17",
      "object_repr": "Cryuff Turns Merit",
      "action_flag": 2,
      "change_message": "[{\"changed\": {\"fields\": [\"description\"]}}]"
    }
  },
  {
    "model": "admin.logentry",
    "pk": 27,
    "fields": {
      "action_time": "2017-05-27T21:51:05.439Z",
      "user": 20,
      "content_type": 9,
      "object_id": "10",
      "object_repr": "Goalscorer Merit",
      "action_flag": 2,
      "change_message": "[{\"changed\": {\"fields\": [\"description\"]}}]"
    }
  },
  {
    "model": "admin.logentry",
    "pk": 28,
    "fields": {
      "action_time": "2017-05-27T21:51:29.356Z",
      "user": 20,
      "content_type": 9,
      "object_id": "22",
      "object_repr": "Zidane Turns Merit",
      "action_flag": 2,
      "change_message": "[{\"changed\": {\"fields\": [\"description\"]}}]"
    }
  },
  {
    "model": "admin.logentry",
    "pk": 29,
    "fields": {
      "action_time": "2017-05-27T21:51:43.111Z",
      "user": 20,
      "content_type": 9,
      "object_id": "21",
      "object_repr": "Stepover Turns Merit",
      "action_flag": 2,
      "change_message": "[{\"changed\": {\"fields\": [\"description\"]}}]"
    }
  },
  {
    "model": "admin.logentry",
    "pk": 30,
    "fields": {
      "action_time": "2017-05-27T21:52:02.589Z",
      "user": 20,
      "content_type": 9,
      "object_id": "20",
      "object_repr": "Ronaldo-chop Turns Merit",
      "action_flag": 2,
      "change_message": "[{\"changed\": {\"fields\": [\"description\"]}}]"
    }
  },
  {
    "model": "admin.logentry",
    "pk": 31,
    "fields": {
      "action_time": "2017-05-27T21:52:11.069Z",
      "user": 20,
      "content_type": 9,
      "object_id": "22",
      "object_repr": "Zidane Turns Merit",
      "action_flag": 2,
      "change_message": "[]"
    }
  },
  {
    "model": "admin.logentry",
    "pk": 32,
    "fields": {
      "action_time": "2017-05-27T21:52:18.963Z",
      "user": 20,
      "content_type": 9,
      "object_id": "21",
      "object_repr": "Stepover Turns Merit",
      "action_flag": 2,
      "change_message": "[]"
    }
  },
  {
    "model": "admin.logentry",
    "pk": 33,
    "fields": {
      "action_time": "2017-05-27T21:52:31.912Z",
      "user": 20,
      "content_type": 9,
      "object_id": "19",
      "object_repr": "Hook Turns Merit",
      "action_flag": 2,
      "change_message": "[{\"changed\": {\"fields\": [\"description\"]}}]"
    }
  },
  {
    "model": "admin.logentry",
    "pk": 34,
    "fields": {
      "action_time": "2017-05-27T21:52:47.447Z",
      "user": 20,
      "content_type": 9,
      "object_id": "18",
      "object_repr": "Dragback Turns Merit",
      "action_flag": 2,
      "change_message": "[{\"changed\": {\"fields\": [\"description\"]}}]"
    }
  },
  {
    "model": "admin.logentry",
    "pk": 35,
    "fields": {
      "action_time": "2017-05-27T21:52:57.398Z",
      "user": 20,
      "content_type": 9,
      "object_id": "17",
      "object_repr": "Cryuff Turns Merit",
      "action_flag": 2,
      "change_message": "[]"
    }
  },
  {
    "model": "admin.logentry",
    "pk": 36,
    "fields": {
      "action_time": "2017-05-27T21:53:05.034Z",
      "user": 20,
      "content_type": 9,
      "object_id": "36",
      "object_repr": "Teamwork Merit",
      "action_flag": 2,
      "change_message": "[]"
    }
  },
  {
    "model": "admin.logentry",
    "pk": 37,
    "fields": {
      "action_time": "2017-05-27T21:53:18.255Z",
      "user": 20,
      "content_type": 9,
      "object_id": "35",
      "object_repr": "Leadership Merit",
      "action_flag": 2,
      "change_message": "[{\"changed\": {\"fields\": [\"description\"]}}]"
    }
  },
  {
    "model": "admin.logentry",
    "pk": 38,
    "fields": {
      "action_time": "2017-05-27T21:53:25.761Z",
      "user": 20,
      "content_type": 9,
      "object_id": "10",
      "object_repr": "Goalscorer Merit",
      "action_flag": 2,
      "change_message": "[]"
    }
  },
  {
    "model": "admin.logentry",
    "pk": 39,
    "fields": {
      "action_time": "2017-05-27T21:54:52.884Z",
      "user": 20,
      "content_type": 11,
      "object_id": "10",
      "object_repr": "BadgeAwards object",
      "action_flag": 3,
      "change_message": ""
    }
  },
  {
    "model": "admin.logentry",
    "pk": 40,
    "fields": {
      "action_time": "2017-05-27T21:54:52.890Z",
      "user": 20,
      "content_type": 11,
      "object_id": "9",
      "object_repr": "BadgeAwards object",
      "action_flag": 3,
      "change_message": ""
    }
  },
  {
    "model": "admin.logentry",
    "pk": 41,
    "fields": {
      "action_time": "2017-05-27T21:54:52.896Z",
      "user": 20,
      "content_type": 11,
      "object_id": "8",
      "object_repr": "BadgeAwards object",
      "action_flag": 3,
      "change_message": ""
    }
  },
  {
    "model": "admin.logentry",
    "pk": 42,
    "fields": {
      "action_time": "2017-05-27T21:54:52.903Z",
      "user": 20,
      "content_type": 11,
      "object_id": "7",
      "object_repr": "BadgeAwards object",
      "action_flag": 3,
      "change_message": ""
    }
  },
  {
    "model": "admin.logentry",
    "pk": 43,
    "fields": {
      "action_time": "2017-05-27T21:54:52.909Z",
      "user": 20,
      "content_type": 11,
      "object_id": "6",
      "object_repr": "BadgeAwards object",
      "action_flag": 3,
      "change_message": ""
    }
  },
  {
    "model": "admin.logentry",
    "pk": 44,
    "fields": {
      "action_time": "2017-05-27T21:54:52.915Z",
      "user": 20,
      "content_type": 11,
      "object_id": "5",
      "object_repr": "BadgeAwards object",
      "action_flag": 3,
      "change_message": ""
    }
  },
  {
    "model": "admin.logentry",
    "pk": 45,
    "fields": {
      "action_time": "2017-05-27T21:54:52.922Z",
      "user": 20,
      "content_type": 11,
      "object_id": "4",
      "object_repr": "BadgeAwards object",
      "action_flag": 3,
      "change_message": ""
    }
  },
  {
    "model": "admin.logentry",
    "pk": 46,
    "fields": {
      "action_time": "2017-05-27T21:54:52.928Z",
      "user": 20,
      "content_type": 11,
      "object_id": "3",
      "object_repr": "BadgeAwards object",
      "action_flag": 3,
      "change_message": ""
    }
  },
  {
    "model": "admin.logentry",
    "pk": 47,
    "fields": {
      "action_time": "2017-05-27T21:54:52.934Z",
      "user": 20,
      "content_type": 11,
      "object_id": "2",
      "object_repr": "BadgeAwards object",
      "action_flag": 3,
      "change_message": ""
    }
  },
  {
    "model": "admin.logentry",
    "pk": 48,
    "fields": {
      "action_time": "2017-05-27T21:54:52.940Z",
      "user": 20,
      "content_type": 11,
      "object_id": "1",
      "object_repr": "BadgeAwards object",
      "action_flag": 3,
      "change_message": ""
    }
  },
  {
    "model": "admin.logentry",
    "pk": 49,
    "fields": {
      "action_time": "2017-05-27T21:57:02.272Z",
      "user": 20,
      "content_type": 11,
      "object_id": "12",
      "object_repr": "BadgeAwards object",
      "action_flag": 1,
      "change_message": "[{\"added\": {}}]"
    }
  },
  {
    "model": "admin.logentry",
    "pk": 50,
    "fields": {
      "action_time": "2017-05-27T21:57:07.861Z",
      "user": 20,
      "content_type": 11,
      "object_id": "12",
      "object_repr": "BadgeAwards object",
      "action_flag": 2,
      "change_message": "[]"
    }
  },
  {
    "model": "admin.logentry",
    "pk": 51,
    "fields": {
      "action_time": "2017-05-27T21:57:35.957Z",
      "user": 20,
      "content_type": 11,
      "object_id": "13",
      "object_repr": "BadgeAwards object",
      "action_flag": 1,
      "change_message": "[{\"added\": {}}]"
    }
  },
  {
    "model": "admin.logentry",
    "pk": 52,
    "fields": {
      "action_time": "2017-05-27T21:58:29.188Z",
      "user": 20,
      "content_type": 11,
      "object_id": "14",
      "object_repr": "BadgeAwards object",
      "action_flag": 1,
      "change_message": "[{\"added\": {}}]"
    }
  },
  {
    "model": "admin.logentry",
    "pk": 53,
    "fields": {
      "action_time": "2017-05-27T21:59:12.495Z",
      "user": 20,
      "content_type": 11,
      "object_id": "15",
      "object_repr": "BadgeAwards object",
      "action_flag": 1,
      "change_message": "[{\"added\": {}}]"
    }
  },
  {
    "model": "admin.logentry",
    "pk": 54,
    "fields": {
      "action_time": "2017-05-27T21:59:27.829Z",
      "user": 20,
      "content_type": 11,
      "object_id": "13",
      "object_repr": "BadgeAwards object",
      "action_flag": 2,
      "change_message": "[{\"changed\": {\"fields\": [\"comments\"]}}]"
    }
  },
  {
    "model": "admin.logentry",
    "pk": 55,
    "fields": {
      "action_time": "2017-05-27T21:59:54.774Z",
      "user": 20,
      "content_type": 10,
      "object_id": "36",
      "object_repr": "30 Toe Taps (L/R) under 60 seconds",
      "action_flag": 2,
      "change_message": "[]"
    }
  },
  {
    "model": "admin.logentry",
    "pk": 56,
    "fields": {
      "action_time": "2017-05-27T22:00:49.939Z",
      "user": 20,
      "content_type": 10,
      "object_id": "64",
      "object_repr": "60 - L/R Side Taps",
      "action_flag": 1,
      "change_message": "[{\"added\": {}}]"
    }
  },
  {
    "model": "admin.logentry",
    "pk": 57,
    "fields": {
      "action_time": "2017-05-27T22:01:23.927Z",
      "user": 20,
      "content_type": 10,
      "object_id": "36",
      "object_repr": "40 Toe Taps (L/R) under 60 seconds",
      "action_flag": 2,
      "change_message": "[{\"changed\": {\"fields\": [\"description\"]}}]"
    }
  },
  {
    "model": "admin.logentry",
    "pk": 58,
    "fields": {
      "action_time": "2017-05-27T22:01:48.746Z",
      "user": 20,
      "content_type": 10,
      "object_id": "64",
      "object_repr": "60 - L/R Side Taps under 60 seconds",
      "action_flag": 2,
      "change_message": "[{\"changed\": {\"fields\": [\"description\"]}}]"
    }
  },
  {
    "model": "admin.logentry",
    "pk": 59,
    "fields": {
      "action_time": "2017-05-28T06:10:01.194Z",
      "user": 20,
      "content_type": 11,
      "object_id": "15",
      "object_repr": "BadgeAwards object",
      "action_flag": 2,
      "change_message": "[{\"changed\": {\"fields\": [\"userId\"]}}]"
    }
  },
  {
    "model": "admin.logentry",
    "pk": 60,
    "fields": {
      "action_time": "2017-05-28T06:12:00.818Z",
      "user": 20,
      "content_type": 16,
      "object_id": "1",
      "object_repr": "Iain Macdonald",
      "action_flag": 1,
      "change_message": "[{\"added\": {}}]"
    }
  },
  {
    "model": "admin.logentry",
    "pk": 61,
    "fields": {
      "action_time": "2017-05-28T07:19:18.319Z",
      "user": 20,
      "content_type": 7,
      "object_id": "7",
      "object_repr": "Tjwynn",
      "action_flag": 2,
      "change_message": "[]"
    }
  },
  {
    "model": "admin.logentry",
    "pk": 62,
    "fields": {
      "action_time": "2017-05-28T07:22:30.109Z",
      "user": 20,
      "content_type": 3,
      "object_id": "13",
      "object_repr": "Tjwynn",
      "action_flag": 3,
      "change_message": ""
    }
  },
  {
    "model": "admin.logentry",
    "pk": 63,
    "fields": {
      "action_time": "2017-05-28T07:23:40.070Z",
      "user": 20,
      "content_type": 3,
      "object_id": "3",
      "object_repr": "cmacdonald",
      "action_flag": 2,
      "change_message": "[]"
    }
  },
  {
    "model": "admin.logentry",
    "pk": 64,
    "fields": {
      "action_time": "2017-05-28T07:25:11.471Z",
      "user": 20,
      "content_type": 7,
      "object_id": "12",
      "object_repr": "cmacdonald",
      "action_flag": 1,
      "change_message": "[{\"added\": {}}]"
    }
  },
  {
    "model": "admin.logentry",
    "pk": 65,
    "fields": {
      "action_time": "2017-07-20T10:05:34.555Z",
      "user": 2,
      "content_type": 16,
      "object_id": "2",
      "object_repr": "Phil Ellerby",
      "action_flag": 1,
      "change_message": "[{\"added\": {}}]"
    }
  },
  {
    "model": "admin.logentry",
    "pk": 66,
    "fields": {
      "action_time": "2017-07-20T10:05:45.368Z",
      "user": 2,
      "content_type": 16,
      "object_id": "2",
      "object_repr": "Phil Ellerby",
      "action_flag": 2,
      "change_message": "[{\"changed\": {\"fields\": [\"team\"]}}]"
    }
  },
  {
    "model": "admin.logentry",
    "pk": 67,
    "fields": {
      "action_time": "2017-07-20T20:19:37.231Z",
      "user": 20,
      "content_type": 3,
      "object_id": "23",
      "object_repr": "Philellerby",
      "action_flag": 2,
      "change_message": "[{\"changed\": {\"fields\": [\"is_staff\", \"is_superuser\"]}}]"
    }
  },
  {
    "model": "admin.logentry",
    "pk": 68,
    "fields": {
      "action_time": "2017-09-23T11:12:00.469Z",
      "user": 2,
      "content_type": 11,
      "object_id": "16",
      "object_repr": "BadgeAwards object",
      "action_flag": 1,
      "change_message": "[{\"added\": {}}]"
    }
  },
  {
    "model": "admin.logentry",
    "pk": 69,
    "fields": {
      "action_time": "2017-09-23T11:12:43.587Z",
      "user": 2,
      "content_type": 11,
      "object_id": "17",
      "object_repr": "BadgeAwards object",
      "action_flag": 1,
      "change_message": "[{\"added\": {}}]"
    }
  },
  {
    "model": "admin.logentry",
    "pk": 70,
    "fields": {
      "action_time": "2017-09-23T11:16:06.657Z",
      "user": 2,
      "content_type": 11,
      "object_id": "18",
      "object_repr": "BadgeAwards object",
      "action_flag": 1,
      "change_message": "[{\"added\": {}}]"
    }
  },
  {
    "model": "admin.logentry",
    "pk": 71,
    "fields": {
      "action_time": "2017-10-06T18:47:01.633Z",
      "user": 2,
      "content_type": 11,
      "object_id": "19",
      "object_repr": "BadgeAwards object",
      "action_flag": 1,
      "change_message": "[{\"added\": {}}]"
    }
  },
  {
    "model": "admin.logentry",
    "pk": 72,
    "fields": {
      "action_time": "2017-10-22T18:07:26.788Z",
      "user": 2,
      "content_type": 9,
      "object_id": "37",
      "object_repr": "Position Goalkeeper Merit",
      "action_flag": 1,
      "change_message": "[{\"added\": {}}]"
    }
  },
  {
    "model": "admin.logentry",
    "pk": 73,
    "fields": {
      "action_time": "2017-10-22T18:07:51.830Z",
      "user": 2,
      "content_type": 9,
      "object_id": "37",
      "object_repr": "Position Goalkeeper Merit",
      "action_flag": 2,
      "change_message": "[{\"changed\": {\"fields\": [\"pageUrl\"]}}]"
    }
  },
  {
    "model": "admin.logentry",
    "pk": 74,
    "fields": {
      "action_time": "2017-10-22T18:10:03.467Z",
      "user": 2,
      "content_type": 9,
      "object_id": "37",
      "object_repr": "Position Goalkeeper Merit",
      "action_flag": 2,
      "change_message": "[{\"changed\": {\"fields\": [\"iconUrl\", \"description\"]}}]"
    }
  },
  {
    "model": "admin.logentry",
    "pk": 75,
    "fields": {
      "action_time": "2017-10-22T18:13:14.279Z",
      "user": 2,
      "content_type": 9,
      "object_id": "37",
      "object_repr": "Position Goalkeeper Merit",
      "action_flag": 2,
      "change_message": "[]"
    }
  },
  {
    "model": "admin.logentry",
    "pk": 76,
    "fields": {
      "action_time": "2017-10-22T18:13:42.832Z",
      "user": 2,
      "content_type": 9,
      "object_id": "38",
      "object_repr": "Position Left Defence Merit",
      "action_flag": 1,
      "change_message": "[{\"added\": {}}]"
    }
  },
  {
    "model": "admin.logentry",
    "pk": 77,
    "fields": {
      "action_time": "2017-10-22T18:14:00.209Z",
      "user": 2,
      "content_type": 9,
      "object_id": "37",
      "object_repr": "Position Goalkeeper Merit",
      "action_flag": 2,
      "change_message": "[]"
    }
  },
  {
    "model": "admin.logentry",
    "pk": 78,
    "fields": {
      "action_time": "2017-10-22T18:14:09.050Z",
      "user": 2,
      "content_type": 9,
      "object_id": "38",
      "object_repr": "Position Left Defence Merit",
      "action_flag": 2,
      "change_message": "[{\"changed\": {\"fields\": [\"pageUrl\"]}}]"
    }
  },
  {
    "model": "admin.logentry",
    "pk": 79,
    "fields": {
      "action_time": "2017-10-22T18:15:01.513Z",
      "user": 2,
      "content_type": 9,
      "object_id": "38",
      "object_repr": "Position Left Defence Merit",
      "action_flag": 2,
      "change_message": "[{\"changed\": {\"fields\": [\"iconUrl\"]}}]"
    }
  },
  {
    "model": "admin.logentry",
    "pk": 80,
    "fields": {
      "action_time": "2017-10-22T18:15:40.713Z",
      "user": 2,
      "content_type": 9,
      "object_id": "39",
      "object_repr": "Position Right Defence Merit",
      "action_flag": 1,
      "change_message": "[{\"added\": {}}]"
    }
  },
  {
    "model": "admin.logentry",
    "pk": 81,
    "fields": {
      "action_time": "2017-10-22T18:15:47.200Z",
      "user": 2,
      "content_type": 9,
      "object_id": "38",
      "object_repr": "Position Left Defence Merit",
      "action_flag": 2,
      "change_message": "[]"
    }
  },
  {
    "model": "admin.logentry",
    "pk": 82,
    "fields": {
      "action_time": "2017-10-22T18:16:00.068Z",
      "user": 2,
      "content_type": 9,
      "object_id": "39",
      "object_repr": "Position Right Defence Merit",
      "action_flag": 2,
      "change_message": "[{\"changed\": {\"fields\": [\"pageUrl\", \"description\"]}}]"
    }
  },
  {
    "model": "admin.logentry",
    "pk": 83,
    "fields": {
      "action_time": "2017-10-22T18:16:05.667Z",
      "user": 2,
      "content_type": 9,
      "object_id": "38",
      "object_repr": "Position Left Defence Merit",
      "action_flag": 2,
      "change_message": "[]"
    }
  },
  {
    "model": "admin.logentry",
    "pk": 84,
    "fields": {
      "action_time": "2017-10-22T18:48:15.586Z",
      "user": 2,
      "content_type": 9,
      "object_id": "40",
      "object_repr": "Position Left Defence Merit",
      "action_flag": 1,
      "change_message": "[{\"added\": {}}]"
    }
  },
  {
    "model": "admin.logentry",
    "pk": 85,
    "fields": {
      "action_time": "2017-10-22T18:48:22.603Z",
      "user": 2,
      "content_type": 9,
      "object_id": "39",
      "object_repr": "Position Right Defence Merit",
      "action_flag": 2,
      "change_message": "[]"
    }
  },
  {
    "model": "admin.logentry",
    "pk": 86,
    "fields": {
      "action_time": "2017-10-22T18:48:30.852Z",
      "user": 2,
      "content_type": 9,
      "object_id": "40",
      "object_repr": "Position Left Defence Merit",
      "action_flag": 2,
      "change_message": "[{\"changed\": {\"fields\": [\"pageUrl\"]}}]"
    }
  },
  {
    "model": "admin.logentry",
    "pk": 87,
    "fields": {
      "action_time": "2017-10-22T18:48:55.741Z",
      "user": 2,
      "content_type": 9,
      "object_id": "40",
      "object_repr": "Position Left Defence Merit",
      "action_flag": 2,
      "change_message": "[{\"changed\": {\"fields\": [\"iconUrl\", \"description\"]}}]"
    }
  },
  {
    "model": "admin.logentry",
    "pk": 88,
    "fields": {
      "action_time": "2017-10-22T18:49:04.248Z",
      "user": 2,
      "content_type": 9,
      "object_id": "40",
      "object_repr": "Position Left Defence Merit",
      "action_flag": 2,
      "change_message": "[]"
    }
  },
  {
    "model": "admin.logentry",
    "pk": 89,
    "fields": {
      "action_time": "2017-10-22T18:49:43.138Z",
      "user": 2,
      "content_type": 9,
      "object_id": "41",
      "object_repr": "Position Central Midfield Merit",
      "action_flag": 1,
      "change_message": "[{\"added\": {}}]"
    }
  },
  {
    "model": "admin.logentry",
    "pk": 90,
    "fields": {
      "action_time": "2017-10-22T18:50:02.958Z",
      "user": 2,
      "content_type": 9,
      "object_id": "40",
      "object_repr": "Position Left Midfield Merit",
      "action_flag": 2,
      "change_message": "[{\"changed\": {\"fields\": [\"name\", \"description\"]}}]"
    }
  },
  {
    "model": "admin.logentry",
    "pk": 91,
    "fields": {
      "action_time": "2017-10-22T18:50:48.593Z",
      "user": 2,
      "content_type": 9,
      "object_id": "41",
      "object_repr": "Position Central Midfield Merit",
      "action_flag": 2,
      "change_message": "[{\"changed\": {\"fields\": [\"pageUrl\"]}}]"
    }
  },
  {
    "model": "admin.logentry",
    "pk": 92,
    "fields": {
      "action_time": "2017-10-22T18:50:54.476Z",
      "user": 2,
      "content_type": 9,
      "object_id": "40",
      "object_repr": "Position Left Midfield Merit",
      "action_flag": 2,
      "change_message": "[]"
    }
  },
  {
    "model": "admin.logentry",
    "pk": 93,
    "fields": {
      "action_time": "2017-10-22T18:51:06.382Z",
      "user": 2,
      "content_type": 9,
      "object_id": "41",
      "object_repr": "Position Central Midfield Merit",
      "action_flag": 2,
      "change_message": "[{\"changed\": {\"fields\": [\"iconUrl\"]}}]"
    }
  },
  {
    "model": "admin.logentry",
    "pk": 94,
    "fields": {
      "action_time": "2017-10-22T18:51:41.914Z",
      "user": 2,
      "content_type": 9,
      "object_id": "41",
      "object_repr": "Position Central Midfield Merit",
      "action_flag": 2,
      "change_message": "[]"
    }
  },
  {
    "model": "admin.logentry",
    "pk": 95,
    "fields": {
      "action_time": "2017-10-22T18:52:20.978Z",
      "user": 2,
      "content_type": 9,
      "object_id": "41",
      "object_repr": "Position Central Midfield Merit",
      "action_flag": 2,
      "change_message": "[]"
    }
  },
  {
    "model": "admin.logentry",
    "pk": 96,
    "fields": {
      "action_time": "2017-10-22T18:55:24.034Z",
      "user": 2,
      "content_type": 9,
      "object_id": "42",
      "object_repr": "Positions Right Midfield Merit",
      "action_flag": 1,
      "change_message": "[{\"added\": {}}]"
    }
  },
  {
    "model": "admin.logentry",
    "pk": 97,
    "fields": {
      "action_time": "2017-10-22T18:55:37.495Z",
      "user": 2,
      "content_type": 9,
      "object_id": "42",
      "object_repr": "Positions Right Midfield Merit",
      "action_flag": 2,
      "change_message": "[{\"changed\": {\"fields\": [\"pageUrl\"]}}]"
    }
  },
  {
    "model": "admin.logentry",
    "pk": 98,
    "fields": {
      "action_time": "2017-10-22T18:56:54.190Z",
      "user": 2,
      "content_type": 9,
      "object_id": "43",
      "object_repr": "Positions Striker Merit",
      "action_flag": 1,
      "change_message": "[{\"added\": {}}]"
    }
  },
  {
    "model": "admin.logentry",
    "pk": 99,
    "fields": {
      "action_time": "2017-10-22T18:57:15.739Z",
      "user": 2,
      "content_type": 9,
      "object_id": "43",
      "object_repr": "Positions Striker Merit",
      "action_flag": 2,
      "change_message": "[{\"changed\": {\"fields\": [\"iconUrl\"]}}]"
    }
  },
  {
    "model": "admin.logentry",
    "pk": 100,
    "fields": {
      "action_time": "2017-10-22T18:57:20.894Z",
      "user": 2,
      "content_type": 9,
      "object_id": "42",
      "object_repr": "Positions Right Midfield Merit",
      "action_flag": 2,
      "change_message": "[]"
    }
  },
  {
    "model": "admin.logentry",
    "pk": 101,
    "fields": {
      "action_time": "2017-10-22T18:57:28.111Z",
      "user": 2,
      "content_type": 9,
      "object_id": "43",
      "object_repr": "Positions Striker Merit",
      "action_flag": 2,
      "change_message": "[{\"changed\": {\"fields\": [\"pageUrl\"]}}]"
    }
  },
  {
    "model": "admin.logentry",
    "pk": 102,
    "fields": {
      "action_time": "2017-10-22T19:08:18.539Z",
      "user": 2,
      "content_type": 10,
      "object_id": "65",
      "object_repr": "Play in Goal",
      "action_flag": 1,
      "change_message": "[{\"added\": {}}]"
    }
  },
  {
    "model": "admin.logentry",
    "pk": 103,
    "fields": {
      "action_time": "2017-10-22T19:08:55.464Z",
      "user": 2,
      "content_type": 10,
      "object_id": "65",
      "object_repr": "Play a full game in Goal",
      "action_flag": 2,
      "change_message": "[{\"changed\": {\"fields\": [\"description\"]}}]"
    }
  },
  {
    "model": "admin.logentry",
    "pk": 104,
    "fields": {
      "action_time": "2017-10-22T19:09:26.891Z",
      "user": 2,
      "content_type": 10,
      "object_id": "66",
      "object_repr": "Show good positioning - Sweeper keeper",
      "action_flag": 1,
      "change_message": "[{\"added\": {}}]"
    }
  },
  {
    "model": "admin.logentry",
    "pk": 105,
    "fields": {
      "action_time": "2017-10-22T19:12:55.338Z",
      "user": 2,
      "content_type": 10,
      "object_id": "67",
      "object_repr": "Play a full game as Right Defender",
      "action_flag": 1,
      "change_message": "[{\"added\": {}}]"
    }
  },
  {
    "model": "admin.logentry",
    "pk": 106,
    "fields": {
      "action_time": "2017-10-22T19:14:18.947Z",
      "user": 2,
      "content_type": 10,
      "object_id": "68",
      "object_repr": "Use your right",
      "action_flag": 1,
      "change_message": "[{\"added\": {}}]"
    }
  },
  {
    "model": "admin.logentry",
    "pk": 107,
    "fields": {
      "action_time": "2017-10-22T19:14:27.383Z",
      "user": 2,
      "content_type": 10,
      "object_id": "67",
      "object_repr": "Play a full game as Right Defender",
      "action_flag": 2,
      "change_message": "[]"
    }
  },
  {
    "model": "admin.logentry",
    "pk": 108,
    "fields": {
      "action_time": "2017-10-22T19:15:06.404Z",
      "user": 2,
      "content_type": 10,
      "object_id": "68",
      "object_repr": "Show understanding of the role",
      "action_flag": 2,
      "change_message": "[{\"changed\": {\"fields\": [\"description\"]}}]"
    }
  },
  {
    "model": "admin.logentry",
    "pk": 109,
    "fields": {
      "action_time": "2017-10-22T19:15:39.591Z",
      "user": 2,
      "content_type": 10,
      "object_id": "69",
      "object_repr": "Understand when to Dribble and Pass",
      "action_flag": 1,
      "change_message": "[{\"added\": {}}]"
    }
  },
  {
    "model": "admin.logentry",
    "pk": 110,
    "fields": {
      "action_time": "2017-10-22T19:16:26.588Z",
      "user": 2,
      "content_type": 10,
      "object_id": "68",
      "object_repr": "Strong Block Tackling and Strength",
      "action_flag": 2,
      "change_message": "[{\"changed\": {\"fields\": [\"description\"]}}]"
    }
  },
  {
    "model": "admin.logentry",
    "pk": 111,
    "fields": {
      "action_time": "2017-10-22T19:19:13.594Z",
      "user": 2,
      "content_type": 10,
      "object_id": "67",
      "object_repr": "Play a full game as Right Defender",
      "action_flag": 2,
      "change_message": "[]"
    }
  },
  {
    "model": "admin.logentry",
    "pk": 112,
    "fields": {
      "action_time": "2017-10-22T19:20:06.220Z",
      "user": 2,
      "content_type": 10,
      "object_id": "67",
      "object_repr": "Play as Right Defender - Good 'right' positioning and body shape",
      "action_flag": 2,
      "change_message": "[{\"changed\": {\"fields\": [\"description\"]}}]"
    }
  },
  {
    "model": "admin.logentry",
    "pk": 113,
    "fields": {
      "action_time": "2017-10-22T19:22:17.572Z",
      "user": 2,
      "content_type": 10,
      "object_id": "68",
      "object_repr": "Strong Block Tackling and Strength - Timing",
      "action_flag": 2,
      "change_message": "[{\"changed\": {\"fields\": [\"description\"]}}]"
    }
  },
  {
    "model": "admin.logentry",
    "pk": 114,
    "fields": {
      "action_time": "2017-10-22T19:22:58.265Z",
      "user": 2,
      "content_type": 10,
      "object_id": "70",
      "object_repr": "v",
      "action_flag": 1,
      "change_message": "[{\"added\": {}}]"
    }
  },
  {
    "model": "admin.logentry",
    "pk": 115,
    "fields": {
      "action_time": "2017-10-22T19:23:19.943Z",
      "user": 2,
      "content_type": 10,
      "object_id": "70",
      "object_repr": "Play as Right Defender - Good 'left-sided' positioning and body shape",
      "action_flag": 2,
      "change_message": "[{\"changed\": {\"fields\": [\"description\"]}}]"
    }
  },
  {
    "model": "admin.logentry",
    "pk": 116,
    "fields": {
      "action_time": "2017-10-22T19:23:26.861Z",
      "user": 2,
      "content_type": 10,
      "object_id": "70",
      "object_repr": "Play as Left Defender - Good 'left-sided' positioning and body shape",
      "action_flag": 2,
      "change_message": "[{\"changed\": {\"fields\": [\"description\"]}}]"
    }
  },
  {
    "model": "admin.logentry",
    "pk": 117,
    "fields": {
      "action_time": "2017-10-22T19:23:37.113Z",
      "user": 2,
      "content_type": 10,
      "object_id": "67",
      "object_repr": "Play as Right Defender - Good 'right-sided' positioning and body shape",
      "action_flag": 2,
      "change_message": "[{\"changed\": {\"fields\": [\"description\"]}}]"
    }
  },
  {
    "model": "admin.logentry",
    "pk": 118,
    "fields": {
      "action_time": "2017-10-22T19:23:46.955Z",
      "user": 2,
      "content_type": 10,
      "object_id": "68",
      "object_repr": "Strong Block Tackling and Strength - Timing",
      "action_flag": 2,
      "change_message": "[]"
    }
  },
  {
    "model": "admin.logentry",
    "pk": 119,
    "fields": {
      "action_time": "2017-10-22T19:23:59.680Z",
      "user": 2,
      "content_type": 10,
      "object_id": "71",
      "object_repr": "Strong Block Tackling and Strength - Timing",
      "action_flag": 1,
      "change_message": "[{\"added\": {}}]"
    }
  },
  {
    "model": "admin.logentry",
    "pk": 120,
    "fields": {
      "action_time": "2017-10-22T19:24:30.253Z",
      "user": 2,
      "content_type": 10,
      "object_id": "72",
      "object_repr": "Understand when to Dribble and Pass",
      "action_flag": 1,
      "change_message": "[{\"added\": {}}]"
    }
  },
  {
    "model": "admin.logentry",
    "pk": 121,
    "fields": {
      "action_time": "2017-10-22T19:34:47.260Z",
      "user": 2,
      "content_type": 15,
      "object_id": "35",
      "object_repr": "How to Play Full Back",
      "action_flag": 1,
      "change_message": "[{\"added\": {}}]"
    }
  },
  {
    "model": "admin.logentry",
    "pk": 122,
    "fields": {
      "action_time": "2017-10-22T19:35:09.719Z",
      "user": 2,
      "content_type": 15,
      "object_id": "36",
      "object_repr": "How to Play Full Back",
      "action_flag": 1,
      "change_message": "[{\"added\": {}}]"
    }
  },
  {
    "model": "admin.logentry",
    "pk": 123,
    "fields": {
      "action_time": "2017-10-22T19:38:13.028Z",
      "user": 2,
      "content_type": 15,
      "object_id": "37",
      "object_repr": "Sweeper keeper and quick distribution",
      "action_flag": 1,
      "change_message": "[{\"added\": {}}]"
    }
  },
  {
    "model": "admin.logentry",
    "pk": 124,
    "fields": {
      "action_time": "2017-10-22T19:56:49.599Z",
      "user": 2,
      "content_type": 10,
      "object_id": "73",
      "object_repr": "Play Left midfield - Stay wide",
      "action_flag": 1,
      "change_message": "[{\"added\": {}}]"
    }
  },
  {
    "model": "admin.logentry",
    "pk": 125,
    "fields": {
      "action_time": "2017-10-22T19:57:41.010Z",
      "user": 2,
      "content_type": 10,
      "object_id": "74",
      "object_repr": "Get Crosses into the box",
      "action_flag": 1,
      "change_message": "[{\"added\": {}}]"
    }
  },
  {
    "model": "admin.logentry",
    "pk": 126,
    "fields": {
      "action_time": "2017-10-22T19:59:19.472Z",
      "user": 2,
      "content_type": 10,
      "object_id": "75",
      "object_repr": "Support attack and Defence - Good Energy",
      "action_flag": 1,
      "change_message": "[{\"added\": {}}]"
    }
  },
  {
    "model": "admin.logentry",
    "pk": 127,
    "fields": {
      "action_time": "2017-10-22T19:59:49.288Z",
      "user": 2,
      "content_type": 10,
      "object_id": "76",
      "object_repr": "Play Right midfield - Stay wide",
      "action_flag": 1,
      "change_message": "[{\"added\": {}}]"
    }
  },
  {
    "model": "admin.logentry",
    "pk": 128,
    "fields": {
      "action_time": "2017-10-22T20:00:15.998Z",
      "user": 2,
      "content_type": 10,
      "object_id": "73",
      "object_repr": "Play Left midfield - Stay wide - Good First Touch",
      "action_flag": 2,
      "change_message": "[{\"changed\": {\"fields\": [\"description\"]}}]"
    }
  },
  {
    "model": "admin.logentry",
    "pk": 129,
    "fields": {
      "action_time": "2017-10-22T20:00:25.421Z",
      "user": 2,
      "content_type": 10,
      "object_id": "76",
      "object_repr": "Play Right midfield - Stay wide - Good First Touch",
      "action_flag": 2,
      "change_message": "[{\"changed\": {\"fields\": [\"description\"]}}]"
    }
  },
  {
    "model": "admin.logentry",
    "pk": 130,
    "fields": {
      "action_time": "2017-10-22T20:00:46.626Z",
      "user": 2,
      "content_type": 10,
      "object_id": "74",
      "object_repr": "Get Left footed crosses into the box",
      "action_flag": 2,
      "change_message": "[{\"changed\": {\"fields\": [\"description\"]}}]"
    }
  },
  {
    "model": "admin.logentry",
    "pk": 131,
    "fields": {
      "action_time": "2017-10-22T20:00:59.879Z",
      "user": 2,
      "content_type": 10,
      "object_id": "77",
      "object_repr": "Get Right footed crosses into the box",
      "action_flag": 1,
      "change_message": "[{\"added\": {}}]"
    }
  },
  {
    "model": "admin.logentry",
    "pk": 132,
    "fields": {
      "action_time": "2017-10-22T20:01:18.682Z",
      "user": 2,
      "content_type": 10,
      "object_id": "78",
      "object_repr": "Support attack and Defence - Good Energy",
      "action_flag": 1,
      "change_message": "[{\"added\": {}}]"
    }
  },
  {
    "model": "admin.logentry",
    "pk": 133,
    "fields": {
      "action_time": "2017-10-22T20:01:33.451Z",
      "user": 2,
      "content_type": 10,
      "object_id": "76",
      "object_repr": "Play Right midfield - Stay wide - Good First Touch",
      "action_flag": 2,
      "change_message": "[]"
    }
  },
  {
    "model": "admin.logentry",
    "pk": 134,
    "fields": {
      "action_time": "2017-10-22T20:01:50.599Z",
      "user": 2,
      "content_type": 10,
      "object_id": "77",
      "object_repr": "Get Right footed crosses into the box",
      "action_flag": 2,
      "change_message": "[{\"changed\": {\"fields\": [\"badgeId\"]}}]"
    }
  },
  {
    "model": "admin.logentry",
    "pk": 135,
    "fields": {
      "action_time": "2017-10-22T20:02:12.121Z",
      "user": 2,
      "content_type": 9,
      "object_id": "42",
      "object_repr": "Position Right Midfield Merit",
      "action_flag": 2,
      "change_message": "[{\"changed\": {\"fields\": [\"name\", \"description\"]}}]"
    }
  },
  {
    "model": "admin.logentry",
    "pk": 136,
    "fields": {
      "action_time": "2017-10-22T20:02:20.263Z",
      "user": 2,
      "content_type": 9,
      "object_id": "43",
      "object_repr": "Position Striker Merit",
      "action_flag": 2,
      "change_message": "[{\"changed\": {\"fields\": [\"name\", \"description\"]}}]"
    }
  },
  {
    "model": "admin.logentry",
    "pk": 137,
    "fields": {
      "action_time": "2017-10-22T20:04:40.431Z",
      "user": 2,
      "content_type": 10,
      "object_id": "79",
      "object_repr": "Support attack and Defence - Good Energy",
      "action_flag": 1,
      "change_message": "[{\"added\": {}}]"
    }
  },
  {
    "model": "admin.logentry",
    "pk": 138,
    "fields": {
      "action_time": "2017-10-22T20:05:34.268Z",
      "user": 2,
      "content_type": 10,
      "object_id": "80",
      "object_repr": "Receive ball and Switch Play - Left or right",
      "action_flag": 1,
      "change_message": "[{\"added\": {}}]"
    }
  },
  {
    "model": "admin.logentry",
    "pk": 139,
    "fields": {
      "action_time": "2017-10-22T20:06:06.068Z",
      "user": 2,
      "content_type": 10,
      "object_id": "81",
      "object_repr": "Strong tackling to Counter Attacking",
      "action_flag": 1,
      "change_message": "[{\"added\": {}}]"
    }
  },
  {
    "model": "admin.logentry",
    "pk": 140,
    "fields": {
      "action_time": "2017-10-22T20:06:35.191Z",
      "user": 2,
      "content_type": 10,
      "object_id": "79",
      "object_repr": "Support attack and Defence - Box to Box",
      "action_flag": 2,
      "change_message": "[{\"changed\": {\"fields\": [\"description\"]}}]"
    }
  },
  {
    "model": "admin.logentry",
    "pk": 141,
    "fields": {
      "action_time": "2017-10-22T20:07:54.863Z",
      "user": 2,
      "content_type": 10,
      "object_id": "82",
      "object_repr": "Good Range of Long and Short Passing",
      "action_flag": 1,
      "change_message": "[{\"added\": {}}]"
    }
  },
  {
    "model": "admin.logentry",
    "pk": 142,
    "fields": {
      "action_time": "2017-10-22T20:08:52.104Z",
      "user": 2,
      "content_type": 10,
      "object_id": "83",
      "object_repr": "Pressure defenders",
      "action_flag": 1,
      "change_message": "[{\"added\": {}}]"
    }
  },
  {
    "model": "admin.logentry",
    "pk": 143,
    "fields": {
      "action_time": "2017-10-22T20:09:21.074Z",
      "user": 2,
      "content_type": 10,
      "object_id": "84",
      "object_repr": "Quick Feet - Get Shots off",
      "action_flag": 1,
      "change_message": "[{\"added\": {}}]"
    }
  },
  {
    "model": "admin.logentry",
    "pk": 144,
    "fields": {
      "action_time": "2017-10-22T20:10:20.341Z",
      "user": 2,
      "content_type": 10,
      "object_id": "85",
      "object_repr": "Hold up ball 'Back to Goal' and bring Midfielders into play",
      "action_flag": 1,
      "change_message": "[{\"added\": {}}]"
    }
  },
  {
    "model": "admin.logentry",
    "pk": 145,
    "fields": {
      "action_time": "2017-10-22T20:10:45.864Z",
      "user": 2,
      "content_type": 10,
      "object_id": "83",
      "object_repr": "Pressure defenders - Try to force an error",
      "action_flag": 2,
      "change_message": "[{\"changed\": {\"fields\": [\"description\"]}}]"
    }
  }
]